,town_name,0,1,2,3,4,5,6,7,8,9,10,11,12,13,14,15,16,17,18,19,20,21,22,23,24,25,26,27,28,29,30,31,32,33,34,35,36,37,38,39,40,41,42,43,44,45,46,47,48,49,50,51,52,53,54,55,56,57,58,59,60,61,62,63,64,65,66,67,68,69,70,71,72,73,74,75,76,77,78,79,80,81,82,83,84,85,86,87,88,89,90,91,92,93,94,95,96,97,98,99,100+
0,青葉町,4,2,2,0,3,3,2,2,2,1,2,5,0,0,1,1,1,5,1,4,1,3,2,7,6,4,6,11,6,7,5,5,9,8,3,2,6,8,3,6,1,7,2,4,2,3,5,3,1,3,5,3,4,4,3,1,2,7,3,3,4,4,1,1,1,2,6,6,3,3,3,5,3,3,1,4,4,2,0,4,0,5,4,2,2,1,0,0,0,0,0,2,0,0,0,0,0,0,0,0,0
1,赤坂１丁目,0,3,0,3,4,4,5,2,7,8,1,2,3,1,0,2,1,0,2,0,5,4,2,3,3,1,1,2,1,4,3,1,2,4,3,6,1,0,2,4,3,2,2,4,3,4,3,4,2,5,4,4,6,1,5,4,6,3,5,5,0,4,2,5,5,6,3,3,2,4,4,2,7,2,1,2,1,3,4,0,0,1,0,0,0,2,0,0,0,0,0,1,0,0,0,0,0,0,0,0,0
2,赤坂２丁目,0,7,6,3,10,9,3,3,5,4,4,9,13,4,6,8,4,10,4,5,6,3,5,6,4,7,3,2,3,4,7,6,5,7,9,1,5,9,7,9,9,9,13,12,9,4,12,7,4,5,8,5,9,9,8,6,4,12,10,8,6,9,9,6,6,8,6,6,7,4,7,4,2,4,3,8,2,8,1,4,1,8,1,0,3,2,2,1,1,4,1,0,1,0,0,1,1,0,0,0,0
3,赤坂３丁目,4,1,6,4,3,2,8,7,5,8,7,6,3,4,5,5,7,3,9,6,6,7,5,2,7,2,4,3,6,7,2,4,6,8,6,4,6,10,6,6,6,5,5,10,4,6,9,13,10,2,5,8,8,6,3,9,6,5,5,12,8,10,6,6,5,6,7,6,5,4,8,2,5,4,1,0,3,2,6,1,2,1,0,0,2,1,0,1,0,0,0,0,0,0,0,0,0,0,0,0,0
4,あけぼの町,6,3,2,1,3,4,3,2,2,0,2,1,0,1,1,2,2,3,3,3,3,1,5,5,5,4,8,2,5,6,5,7,7,5,5,3,6,2,6,6,12,7,7,8,5,6,9,4,2,6,4,5,7,2,5,6,3,1,2,0,6,3,6,3,7,5,4,8,5,5,7,5,5,2,1,4,4,5,5,4,2,2,4,1,3,2,1,1,2,2,1,1,3,1,0,0,0,0,0,1,0
5,旭ケ丘１丁目,9,10,2,8,4,7,10,5,5,8,4,4,1,11,2,2,1,6,8,8,14,12,18,34,23,33,23,31,28,24,22,25,30,22,20,16,20,10,22,14,25,13,14,20,19,14,14,26,18,17,16,20,12,16,13,15,13,12,7,21,11,14,15,11,10,6,7,12,7,4,8,13,15,4,8,4,5,13,9,8,4,4,5,2,4,5,5,2,6,1,3,2,3,3,0,1,1,0,0,0,0
6,旭ケ丘２丁目,7,5,9,9,13,14,15,11,12,7,13,5,10,6,11,7,5,9,14,9,23,16,14,20,26,22,24,23,22,23,23,21,14,22,18,15,21,23,16,13,18,21,22,17,16,24,21,26,27,19,21,15,15,11,12,18,8,15,20,15,12,15,13,9,12,17,5,11,15,13,12,12,14,10,9,8,2,5,5,9,4,8,6,4,8,11,9,9,3,3,4,5,3,2,3,4,0,0,0,0,0
7,旭ケ丘３丁目,9,6,7,6,7,3,4,8,5,5,7,4,5,10,8,2,9,5,6,8,11,12,8,17,11,17,11,11,9,16,11,13,16,9,9,16,17,12,13,12,11,7,15,16,9,23,9,7,15,16,9,11,7,13,6,13,13,7,10,6,11,8,5,5,4,8,7,8,10,5,8,6,9,3,5,4,5,5,3,5,6,2,0,7,5,0,3,2,5,4,3,2,2,1,1,0,0,0,0,0,0
8,旭ケ丘４丁目,6,9,6,12,6,8,6,14,8,14,7,9,9,7,6,6,6,7,7,12,13,7,16,14,15,11,18,12,21,13,17,12,12,12,15,12,16,8,7,14,14,15,15,13,21,17,14,19,13,20,18,22,11,17,9,10,15,8,8,15,13,8,5,14,11,8,10,5,6,7,9,8,12,2,4,8,6,5,9,9,4,6,6,10,9,7,9,10,2,6,4,3,1,0,1,1,0,0,0,0,0
9,愛子中央１丁目,3,0,1,1,1,1,1,1,1,0,1,1,1,0,3,0,0,1,2,0,3,0,3,2,3,3,1,1,2,2,3,1,2,0,1,2,3,1,1,3,3,1,4,0,2,3,1,0,1,3,0,1,0,2,4,3,1,0,0,2,3,0,0,0,3,1,0,2,3,2,2,0,0,0,0,1,0,0,0,0,0,1,0,0,0,0,0,0,0,0,1,1,1,0,0,0,0,0,0,0,0
10,愛子中央２丁目,3,6,3,5,5,4,3,2,5,3,2,6,2,2,2,4,5,3,6,3,3,3,6,2,7,2,7,4,8,5,6,9,6,7,2,10,4,4,5,3,7,2,6,8,4,7,3,5,3,1,2,5,3,2,5,6,6,4,5,3,9,1,6,4,2,2,3,7,5,4,2,4,4,1,0,3,4,3,5,3,5,1,0,0,2,2,3,2,0,2,0,1,0,1,1,0,0,0,0,0,0
11,愛子中央３丁目,5,3,9,7,3,5,3,7,5,4,9,5,7,11,6,8,9,7,16,12,6,2,6,3,3,3,6,2,4,6,0,7,3,7,6,5,6,8,6,11,9,2,5,9,11,17,10,9,8,4,7,5,5,11,13,7,7,8,2,1,4,1,9,10,7,7,4,11,5,14,15,4,6,7,7,6,6,8,8,5,10,1,1,4,4,2,2,3,1,1,1,2,0,2,0,0,0,0,0,0,0
12,愛子中央４丁目,3,4,5,2,2,5,4,2,5,3,4,3,1,1,0,1,2,7,5,2,4,3,2,4,2,2,2,9,5,4,4,2,6,4,6,2,4,2,1,5,2,4,7,2,3,4,6,4,5,4,1,1,4,4,5,1,5,1,1,0,3,1,1,1,2,1,1,5,7,2,5,5,5,1,1,1,1,2,3,5,2,2,3,0,2,3,0,0,0,0,1,0,0,0,0,0,0,1,0,0,0
13,愛子中央５丁目,2,4,3,9,6,4,5,5,6,6,4,3,7,5,8,1,9,5,5,3,4,2,4,1,6,8,7,3,5,5,9,5,11,6,5,4,7,5,4,5,0,3,9,9,7,6,3,10,6,4,5,2,6,7,3,7,5,3,3,2,4,1,8,4,2,5,1,6,1,4,4,1,2,3,1,1,2,2,2,1,0,1,1,2,2,0,1,0,2,0,0,0,0,0,0,0,1,0,0,0,0
14,愛子中央６丁目,3,2,6,1,4,3,0,2,3,0,5,2,2,4,0,1,1,0,0,0,2,3,1,1,3,2,0,2,3,2,3,6,2,4,3,2,2,4,2,4,3,3,4,3,2,1,2,2,2,3,2,3,3,0,0,2,2,2,2,2,0,0,2,4,1,1,4,0,5,4,5,3,4,2,2,3,1,2,3,1,1,1,1,1,0,1,0,2,2,0,0,0,1,0,0,0,0,0,0,0,0
15,愛子東１丁目,1,4,0,1,6,5,3,5,3,3,6,3,7,7,3,5,4,4,3,2,3,5,2,6,1,3,3,3,8,8,3,3,4,4,1,5,5,5,8,4,6,10,8,9,6,5,5,7,4,4,8,2,4,7,7,1,6,5,2,6,6,8,6,5,4,7,4,5,4,4,4,3,5,8,2,4,7,2,0,4,2,1,1,0,4,1,1,2,1,0,1,1,0,0,2,0,0,0,0,0,0
16,愛子東２丁目,1,1,3,1,1,1,5,1,2,3,0,0,0,2,0,1,0,3,1,1,1,1,1,1,0,2,3,3,1,2,1,0,2,0,4,3,4,4,2,1,3,0,3,1,0,2,6,2,5,0,0,0,0,1,2,2,1,0,0,0,0,2,1,1,1,0,1,0,1,2,0,0,1,2,2,1,2,0,0,0,0,0,0,1,1,1,0,1,0,0,1,0,0,0,0,0,0,0,0,0,0
17,愛子東３丁目,7,3,6,12,6,7,13,9,10,5,6,9,7,7,9,3,7,5,9,4,5,6,5,3,8,6,6,4,3,5,4,9,5,10,8,7,9,9,11,11,8,13,8,9,9,10,9,11,6,6,6,7,6,3,9,1,11,10,7,0,5,8,4,1,4,2,4,6,5,4,2,3,6,0,2,2,3,4,2,1,1,1,1,1,2,2,1,1,0,1,3,2,0,0,0,0,0,0,0,0,1
18,愛子東４丁目,3,2,6,10,8,10,11,6,10,8,6,10,3,5,3,4,14,6,5,12,3,4,3,6,3,4,13,8,6,6,4,7,6,7,7,8,6,12,12,8,17,13,7,10,14,12,16,7,16,14,9,6,6,7,8,6,10,7,11,8,7,12,6,12,8,9,4,10,13,8,15,2,11,1,4,5,8,3,2,3,6,5,2,2,4,2,0,1,3,1,2,1,0,1,0,0,0,0,1,0,0
19,愛子東５丁目,8,6,6,6,2,5,7,5,6,1,9,6,6,5,5,10,6,6,2,9,9,6,3,12,6,9,10,12,5,9,11,8,11,6,16,12,7,13,10,8,12,11,7,12,9,13,14,5,10,13,9,9,12,11,10,10,7,13,7,6,7,2,11,8,13,4,9,4,13,10,9,11,11,5,2,3,8,5,8,5,9,3,4,6,4,4,5,0,0,0,1,1,2,0,1,0,0,1,0,0,0
20,愛子東６丁目,4,3,0,5,6,2,6,3,2,6,3,4,3,2,4,2,1,6,2,3,2,4,4,1,2,0,1,1,0,2,6,1,2,3,3,4,5,3,1,10,9,7,4,4,7,4,1,4,9,3,5,2,4,4,8,5,1,2,3,4,2,1,4,3,1,3,1,3,1,1,3,3,4,5,0,4,1,1,1,1,1,0,0,1,2,0,1,0,0,0,0,0,0,0,0,0,0,0,0,0,0
26,荒巻,4,3,4,5,2,4,3,2,2,4,6,3,5,4,4,2,6,4,10,31,36,40,44,60,47,34,28,17,18,17,12,12,12,14,4,11,8,15,9,10,4,16,11,13,13,11,10,11,7,12,8,6,13,9,10,6,10,12,8,5,8,6,4,4,7,6,5,8,4,7,6,9,8,5,4,5,2,3,5,3,3,1,3,2,1,4,3,4,5,1,3,1,2,0,2,1,0,1,0,0,0
27,荒巻神明町,6,6,7,3,7,6,5,8,3,7,0,5,7,5,9,8,6,8,7,8,12,8,12,16,13,11,7,17,13,12,16,18,19,19,21,21,12,16,12,16,13,14,24,14,22,9,22,19,16,16,15,12,9,11,10,7,11,14,12,13,12,10,14,8,14,8,11,11,10,12,14,8,12,5,10,14,5,11,7,9,6,4,5,7,8,6,3,6,4,6,2,4,4,4,1,0,1,0,0,0,0
28,荒巻中央,2,4,2,4,6,5,4,2,4,1,6,2,2,4,3,3,6,2,5,3,4,5,2,2,2,6,3,5,4,8,6,6,5,6,6,3,5,8,5,4,9,4,6,9,6,3,8,3,9,4,7,4,4,4,8,5,3,5,3,5,4,5,5,7,3,3,3,7,7,3,4,8,1,1,7,1,0,0,7,3,2,2,2,3,1,0,1,0,3,0,1,0,0,1,0,1,0,1,0,0,0
29,荒巻本沢１丁目,1,2,0,1,4,1,1,4,3,0,2,0,0,1,3,4,2,1,0,0,2,2,1,1,3,1,2,1,0,7,1,3,4,0,4,3,4,5,2,3,3,2,2,6,4,2,5,1,2,4,3,3,3,2,6,2,0,3,4,3,5,1,4,0,2,3,3,0,5,2,2,1,2,1,2,2,2,3,3,0,2,2,1,2,1,1,1,0,3,1,1,0,0,0,0,0,0,0,0,0,0
30,荒巻本沢２丁目,0,1,2,0,2,2,1,2,0,4,1,2,2,2,2,0,2,2,2,0,4,3,0,3,3,1,6,1,3,1,2,2,5,6,2,1,6,5,2,3,2,4,4,5,2,4,2,4,4,3,1,4,3,6,3,4,3,2,2,2,4,4,5,2,4,5,1,3,4,4,2,3,5,3,1,4,3,3,1,5,5,0,3,1,0,1,0,1,1,2,1,0,0,1,1,0,0,0,0,0,0
31,荒巻本沢３丁目,1,2,2,1,5,4,2,4,3,2,1,3,1,4,4,1,4,1,1,1,6,2,3,0,4,6,2,6,3,9,8,5,9,10,7,5,4,4,6,4,4,10,8,8,5,4,6,7,10,3,4,7,4,3,6,5,4,3,3,5,1,2,1,1,3,3,5,3,3,3,3,3,10,2,3,0,5,2,0,2,0,0,2,4,3,3,2,2,3,0,1,1,0,0,0,0,0,0,0,0,0
32,一番町１丁目,6,8,12,11,10,14,13,9,11,10,8,11,8,10,7,7,5,8,6,17,16,14,19,21,23,17,14,20,17,18,22,13,16,19,19,13,19,21,21,20,14,27,21,12,18,28,39,13,28,25,24,19,28,15,18,18,8,11,13,11,15,9,12,13,8,7,9,11,17,12,10,19,13,8,7,10,5,7,5,5,2,3,2,4,4,1,2,3,5,1,0,0,0,0,0,1,0,1,1,0,0
33,一番町２丁目,2,9,2,8,8,6,6,5,6,3,7,4,6,2,3,1,1,2,5,3,7,10,7,10,8,12,9,9,6,8,12,8,9,13,10,9,8,12,20,10,8,8,10,12,10,7,9,7,7,10,10,6,7,9,9,4,6,7,4,6,11,7,7,6,5,2,7,4,6,8,7,7,4,1,3,1,2,0,3,3,3,2,2,2,4,4,4,1,0,0,0,0,0,2,1,2,0,0,0,0,0
34,一番町３丁目,0,1,0,1,0,0,0,0,0,0,0,0,0,0,0,0,0,0,0,0,0,0,0,0,0,0,0,0,0,1,0,1,0,0,0,0,0,0,0,0,0,0,0,0,0,0,1,0,1,0,0,0,1,0,2,1,0,0,0,0,0,0,0,1,0,1,0,1,1,0,0,0,0,0,1,0,0,0,0,0,1,1,0,1,0,1,1,0,0,0,0,0,0,0,0,0,0,0,0,0,0
35,一番町４丁目,0,0,1,0,0,0,0,0,1,0,0,0,0,0,0,0,0,0,0,0,0,1,0,1,0,0,0,0,1,0,1,0,0,0,1,0,1,1,1,1,0,1,0,0,0,1,1,1,0,0,1,0,1,0,0,0,2,0,1,0,1,1,0,1,0,2,0,0,1,0,0,0,3,2,0,1,1,0,1,1,0,1,0,1,0,0,0,0,0,0,0,0,0,0,0,0,0,0,0,0,0
36,五橋１丁目,5,7,7,4,9,13,11,14,4,9,7,5,6,7,6,6,6,8,6,4,13,7,10,6,7,3,7,6,7,4,6,6,8,8,9,9,7,5,10,11,5,15,16,16,13,19,11,22,21,13,12,14,16,14,13,17,13,17,15,19,8,15,11,10,17,13,8,7,9,9,6,9,4,15,4,5,6,5,2,3,2,3,5,1,2,4,2,3,1,1,1,1,0,0,1,1,0,0,0,0,0
37,五橋２丁目,6,5,8,10,8,8,6,8,7,6,5,8,16,7,8,5,11,7,8,7,6,17,13,24,17,20,23,18,18,10,27,10,13,16,14,13,18,16,15,19,17,12,24,15,24,13,15,16,20,12,13,19,18,13,16,19,15,16,13,17,6,10,16,12,8,15,10,12,16,14,16,9,10,7,6,4,6,5,5,5,6,3,2,4,3,4,1,2,1,1,1,1,0,2,2,0,0,0,0,0,0
165,芋沢,5,6,7,8,6,4,9,8,11,14,13,9,6,5,12,8,6,14,5,9,6,5,9,9,9,10,6,11,6,15,10,15,12,22,25,16,7,8,17,21,18,17,22,17,21,17,22,17,25,16,21,17,14,16,16,10,24,16,15,28,22,23,26,26,40,36,33,37,25,42,37,34,49,24,12,11,26,14,26,27,20,18,21,17,17,18,8,7,13,10,2,11,9,5,1,3,1,0,1,1,1
166,梅田町,5,7,4,6,6,4,4,8,4,4,4,0,5,3,4,6,2,8,5,7,2,9,2,11,4,12,11,9,9,7,10,4,5,11,9,8,10,6,7,9,10,13,8,8,8,9,11,11,8,12,8,7,6,8,11,5,15,7,9,5,5,5,3,4,13,6,6,4,5,6,5,4,10,6,0,6,5,7,5,5,4,5,2,2,5,1,2,4,2,1,1,0,1,3,0,2,0,0,0,0,0
240,大倉,3,0,0,1,0,1,0,0,2,2,2,2,1,3,3,1,3,3,2,4,3,3,2,5,3,1,1,2,5,2,5,2,1,3,4,3,3,3,2,3,0,1,10,6,4,4,4,4,6,3,4,2,6,3,5,6,5,6,2,6,9,9,5,5,3,10,10,4,3,9,7,4,4,3,0,6,9,6,4,4,2,4,3,4,5,3,1,3,1,3,1,0,1,0,0,0,0,0,0,0,0
241,大手町,1,3,4,4,1,2,1,2,3,2,3,4,3,1,3,4,4,3,5,6,8,10,9,8,8,6,5,1,3,3,5,8,2,3,3,6,6,6,3,7,7,8,10,5,7,5,6,10,3,7,13,5,10,6,8,4,7,2,6,2,5,5,5,9,11,10,3,3,7,11,5,8,5,1,4,3,2,4,6,3,0,1,0,3,1,1,1,1,3,1,0,0,1,0,1,0,0,0,0,0,0
242,大町１丁目,0,0,0,0,0,0,0,0,0,0,0,0,0,0,0,0,0,0,0,0,2,4,0,1,1,1,1,1,0,1,1,1,2,2,0,1,1,1,1,0,0,1,0,1,0,0,2,1,0,1,0,2,1,0,0,0,0,0,1,2,0,1,0,0,1,1,0,0,0,1,0,0,0,0,0,0,1,0,1,0,1,0,0,0,0,0,0,0,0,1,0,0,0,0,0,0,0,0,0,0,0
243,大町２丁目,10,6,5,2,3,4,3,1,3,8,2,2,2,4,2,0,2,1,2,13,18,11,13,18,20,19,14,9,14,12,20,19,13,14,12,14,18,15,16,21,15,20,19,10,8,14,12,18,13,14,12,15,11,6,11,5,8,7,12,12,7,10,12,14,12,12,11,12,7,9,10,9,7,9,1,4,9,10,3,4,5,4,7,2,1,1,1,1,3,1,1,0,1,0,1,1,1,0,0,0,0
244,霊屋下,2,7,1,3,5,5,7,9,5,9,8,10,8,5,2,5,4,11,3,14,11,7,10,12,9,2,3,7,9,8,6,4,8,9,7,7,8,9,6,14,7,16,16,15,11,13,14,14,10,20,11,8,16,11,5,10,8,9,11,8,8,7,5,11,8,6,8,5,10,3,2,8,11,3,5,5,8,6,5,4,3,3,2,2,5,4,2,4,3,1,3,1,1,1,0,1,0,0,0,0,0
245,小田原４丁目,8,6,6,8,6,6,8,9,3,11,9,10,8,12,3,12,9,8,5,7,2,5,7,7,5,8,10,11,6,4,11,12,4,7,13,10,13,11,10,10,16,10,13,13,15,20,10,7,14,15,11,13,6,10,7,9,6,9,6,13,12,7,4,1,8,4,4,5,5,5,6,7,7,4,2,4,3,5,3,3,3,3,2,2,4,1,1,3,1,3,2,0,0,3,0,0,0,0,0,0,0
246,小田原５丁目,8,5,3,2,2,3,1,4,4,3,3,4,2,1,2,3,4,4,5,9,5,5,14,12,10,10,14,4,12,5,8,16,7,16,11,8,12,6,7,13,13,8,6,9,16,8,12,7,7,7,6,7,6,5,8,5,5,3,6,2,6,4,3,7,4,3,4,7,1,5,10,9,6,0,7,3,1,3,4,4,3,3,6,0,1,4,0,1,1,1,0,2,1,0,0,0,1,0,0,0,0
247,小田原６丁目,6,5,5,3,0,5,5,6,4,7,4,4,2,5,4,1,4,1,5,7,3,3,12,8,13,9,22,11,17,9,14,8,10,8,10,10,8,11,15,10,11,13,10,12,12,10,10,12,10,7,12,6,4,11,4,4,8,2,2,10,4,4,5,7,3,7,5,5,8,7,6,9,13,10,3,5,8,7,2,5,4,4,4,2,3,2,1,1,2,0,3,1,0,0,2,0,0,0,0,0,1
248,小田原７丁目,10,2,4,12,3,4,1,2,5,3,3,2,3,3,1,1,1,0,1,4,5,4,11,11,4,14,13,12,12,15,18,12,11,6,15,4,10,6,4,5,8,9,6,7,6,4,4,3,5,6,9,6,2,4,5,1,9,7,2,6,3,6,3,7,7,7,1,4,2,3,5,2,3,4,2,2,3,6,0,3,0,3,2,3,0,5,0,2,1,0,0,0,1,0,0,0,0,0,0,0,1
249,小田原８丁目,6,1,2,2,8,2,5,7,1,7,4,6,6,11,9,3,15,11,9,17,16,15,21,20,20,19,14,26,21,17,18,14,13,18,8,14,11,15,11,19,8,15,12,9,15,14,23,18,20,11,21,14,12,12,14,5,18,11,15,13,19,11,13,7,11,12,13,7,9,17,9,14,12,15,5,5,7,4,6,2,6,5,3,8,6,3,1,4,1,2,3,0,1,2,0,1,0,0,0,0,0
250,落合１丁目,6,6,6,5,7,4,5,3,7,3,6,4,9,4,3,2,5,6,5,2,6,2,9,6,7,3,4,3,12,5,11,4,4,7,12,12,4,3,3,9,4,8,12,6,4,10,7,11,5,5,6,16,9,8,5,5,4,4,3,1,6,2,2,3,6,8,5,8,6,5,9,6,7,6,1,2,6,2,2,3,3,4,1,0,1,0,3,3,2,1,1,1,1,0,1,0,0,0,0,0,0
251,落合２丁目,6,13,8,6,8,7,4,7,6,8,6,4,4,2,3,5,3,2,7,12,13,6,21,19,19,16,22,17,12,14,17,12,8,13,6,14,12,10,12,10,5,7,12,11,9,10,13,7,13,8,8,11,4,6,5,8,8,5,3,3,2,3,6,0,0,5,7,4,2,3,6,3,0,5,2,3,1,1,2,1,0,0,1,0,0,1,1,0,1,0,1,0,0,0,0,0,0,0,0,1,0
252,落合３丁目,7,3,4,3,5,4,1,5,2,1,1,4,6,3,2,3,2,4,3,1,4,1,3,3,5,5,2,2,3,3,2,4,2,2,3,4,4,2,8,4,4,6,7,1,4,5,6,1,6,3,6,1,5,3,2,7,4,5,4,5,2,5,7,1,5,4,5,6,5,6,7,5,6,3,0,8,5,2,3,2,4,3,3,1,0,3,2,1,0,0,1,1,0,0,0,0,0,0,1,0,0
253,落合４丁目,1,2,5,3,2,6,4,8,5,7,5,3,5,10,9,8,5,6,6,8,7,8,4,6,2,2,7,4,5,3,4,4,4,3,6,4,7,3,3,9,5,3,6,3,6,3,7,6,5,9,6,5,3,2,1,1,4,4,5,9,6,9,2,4,7,4,5,3,7,6,5,5,13,7,1,3,4,6,3,6,3,3,5,2,0,2,4,1,1,1,0,0,0,0,0,0,0,0,0,0,0
254,落合５丁目,12,6,7,6,4,13,9,5,7,5,11,9,4,10,10,10,8,10,10,16,3,11,8,7,7,11,6,14,6,10,11,13,8,10,9,5,5,8,10,9,10,9,11,9,11,18,25,11,17,8,10,13,14,20,5,13,15,13,8,11,8,10,6,14,7,3,6,7,7,9,8,6,6,4,8,7,5,3,4,8,4,5,5,2,1,6,5,1,1,2,5,3,0,0,2,0,0,0,0,0,0
255,落合６丁目,3,7,8,2,10,8,3,12,6,10,11,12,15,11,12,17,12,9,13,10,12,4,7,4,3,10,1,3,5,1,5,2,4,9,5,4,5,8,4,6,7,14,14,9,17,18,13,21,9,18,10,16,11,7,5,3,8,5,3,1,4,2,4,2,4,2,2,4,2,2,3,1,1,0,1,2,4,3,1,0,1,0,0,1,3,1,0,0,0,0,0,1,0,0,1,0,0,0,0,0,0
256,折立１丁目,5,0,2,1,0,3,0,4,2,0,1,1,3,0,1,1,2,2,0,1,2,5,5,2,7,4,1,3,3,7,2,2,5,1,5,5,2,0,7,3,1,3,2,4,5,4,3,3,5,2,5,3,0,3,4,5,1,5,2,2,5,2,4,1,4,3,3,1,5,5,5,4,6,3,1,0,4,3,1,1,2,1,4,1,4,2,1,0,0,1,0,0,1,0,0,0,0,0,0,0,0
257,折立２丁目,1,3,1,1,1,1,1,0,1,0,0,1,1,2,0,1,1,3,1,3,3,1,2,1,2,1,1,0,1,1,3,3,2,1,2,0,3,3,1,2,3,2,5,1,4,4,5,9,3,3,1,5,5,4,3,0,5,1,1,1,0,3,4,3,4,1,4,1,3,2,1,0,1,1,2,0,0,0,0,1,1,2,1,1,0,0,0,0,0,0,0,0,0,0,0,0,0,0,0,0,0
258,折立３丁目,3,2,3,6,3,4,1,2,2,2,1,1,2,3,4,2,2,3,4,2,1,3,2,3,2,3,3,0,5,6,1,6,5,8,1,6,5,3,4,2,0,2,1,1,7,4,4,7,4,4,3,7,3,0,5,3,3,4,2,3,0,1,2,0,1,3,1,3,4,2,8,3,1,2,3,2,1,3,1,1,1,3,1,1,0,1,2,1,0,2,0,0,0,1,0,0,0,0,0,0,0
259,折立４丁目,1,2,1,3,1,0,4,2,3,3,1,3,1,2,0,2,1,2,3,4,4,3,2,1,1,2,1,0,2,1,1,3,3,1,3,3,1,3,2,1,1,2,2,4,0,5,5,5,2,3,3,6,3,2,2,2,1,6,1,4,4,1,1,2,2,3,1,4,3,3,3,2,6,3,5,3,4,0,5,5,5,0,2,6,2,0,3,4,0,0,0,1,0,0,0,2,0,0,0,0,0
260,折立５丁目,0,3,1,2,5,2,2,8,5,2,3,5,7,4,4,0,3,4,4,6,3,10,2,3,4,5,4,1,2,1,3,3,5,4,7,3,3,3,3,4,5,4,2,7,4,5,4,4,12,12,4,7,4,5,5,6,9,4,0,4,2,1,5,6,5,4,6,9,4,10,7,5,8,10,3,7,2,10,7,11,2,3,7,4,2,2,1,6,4,1,3,1,0,1,0,0,0,0,0,0,0
261,折立６丁目,0,2,3,0,3,2,0,1,2,1,2,0,2,1,2,3,3,1,0,2,2,2,0,2,3,1,0,0,0,1,4,1,3,2,1,3,2,4,1,7,2,2,3,2,3,4,2,3,4,0,4,3,2,4,1,1,1,2,0,2,2,3,0,3,2,2,2,4,5,5,7,3,4,0,3,5,3,5,3,5,6,7,9,2,5,2,0,1,0,1,0,2,0,0,1,0,0,0,0,0,0
262,貝ケ森１丁目,5,6,3,4,5,4,5,2,2,5,6,4,2,4,4,4,4,2,5,3,6,4,1,2,1,4,3,2,5,1,1,2,2,2,4,8,3,7,6,12,0,11,6,3,5,12,5,7,7,5,9,4,10,4,2,5,6,3,5,4,6,5,5,3,5,7,5,5,2,5,8,12,9,9,4,6,8,5,2,6,2,5,8,6,3,4,4,1,3,2,3,2,1,1,0,0,0,0,0,0,0
263,貝ケ森２丁目,0,1,0,0,1,3,2,2,2,2,1,2,1,0,1,1,2,0,2,2,2,1,1,1,1,2,1,2,2,2,2,0,0,1,2,4,2,2,4,1,2,2,2,3,2,0,0,2,4,2,2,2,3,2,4,0,3,2,0,0,0,0,1,2,0,1,0,0,1,0,1,3,2,6,0,0,1,1,0,0,1,1,2,0,0,1,0,0,0,0,1,0,0,0,0,0,0,0,0,0,0
264,貝ケ森３丁目,2,3,3,2,4,4,6,2,9,5,6,2,6,4,2,4,2,2,4,2,4,2,2,2,3,2,4,1,1,3,1,1,1,3,3,3,4,7,8,6,8,2,11,5,3,6,12,8,6,7,7,3,9,3,2,2,1,5,2,3,2,2,6,6,3,4,3,6,11,8,13,11,19,14,12,7,10,12,11,12,12,6,9,4,1,8,0,3,3,2,2,1,3,0,0,0,0,0,0,0,1
265,貝ケ森４丁目,0,1,0,0,5,3,2,3,1,1,1,4,1,1,3,1,4,0,4,2,3,4,8,1,5,2,6,2,5,2,1,2,3,1,2,5,2,1,2,6,4,4,6,3,1,2,5,1,1,4,2,5,0,2,5,3,6,8,7,5,5,6,2,4,6,7,4,6,8,10,7,6,7,4,2,10,8,9,5,4,4,1,5,2,1,2,3,2,1,2,0,0,0,0,0,0,0,0,0,0,0
266,貝ケ森５丁目,0,0,0,1,1,0,1,2,2,0,0,1,0,1,0,0,0,0,0,0,1,2,0,0,2,1,0,0,1,2,0,1,1,3,1,0,1,0,1,2,0,1,2,0,1,0,2,0,3,2,0,1,0,0,0,2,0,0,0,0,0,0,0,1,1,0,3,0,0,0,1,2,1,2,0,1,0,1,1,1,0,0,1,0,1,0,0,0,0,0,0,0,0,0,0,0,0,0,0,0,0
267,貝ケ森６丁目,5,5,2,7,5,7,7,10,0,3,5,6,1,2,2,7,4,1,1,3,2,2,0,1,1,1,1,0,1,0,1,6,2,2,9,8,6,4,6,7,9,3,8,10,3,9,6,4,3,3,2,6,3,5,4,1,3,3,2,1,1,1,5,3,4,1,8,5,8,4,8,10,8,6,8,10,7,11,5,9,8,8,4,3,6,5,2,1,0,2,0,1,0,0,0,0,0,0,0,0,0
268,花京院１丁目,5,7,15,8,9,1,5,2,1,3,2,3,2,4,2,2,5,1,3,10,5,3,3,3,6,7,2,6,7,10,10,12,7,5,9,7,11,9,11,11,11,9,11,14,10,9,10,13,14,11,12,12,9,3,5,8,9,8,10,8,6,4,4,10,10,7,8,7,7,4,6,7,6,1,3,9,6,4,3,2,3,1,1,2,1,3,1,0,2,0,2,1,2,0,0,0,0,0,0,0,0
269,花京院２丁目,0,1,2,3,0,1,5,1,1,5,0,1,1,2,0,3,2,3,1,1,7,4,7,6,2,4,2,6,5,4,6,7,6,7,3,4,4,5,4,3,4,6,4,6,4,6,6,8,6,5,2,10,4,7,5,3,7,6,4,1,4,4,2,1,3,1,3,3,4,1,7,1,5,3,1,2,1,0,2,1,1,3,1,1,0,0,1,1,0,0,0,0,0,0,0,0,0,0,0,0,0
270,柏木１丁目,16,15,25,13,16,14,10,11,13,8,8,9,16,8,10,11,15,12,7,11,14,18,15,33,31,20,20,22,16,13,10,17,22,19,20,27,24,16,28,34,18,18,19,14,21,28,15,25,23,15,26,21,25,17,14,20,15,11,10,17,16,13,17,12,12,14,8,13,12,16,12,16,11,9,5,10,7,10,11,9,7,6,7,8,8,4,6,5,3,1,0,1,1,1,0,1,0,1,0,0,0
271,柏木２丁目,8,9,5,6,6,9,10,7,12,10,11,9,4,12,14,8,15,11,10,15,39,22,21,20,16,19,20,17,14,14,14,16,15,23,12,14,19,22,13,19,15,8,12,12,18,17,19,20,17,20,23,17,13,15,14,12,11,6,18,8,13,13,6,17,6,9,9,9,11,16,16,13,13,5,4,7,9,11,11,9,5,5,6,7,4,2,5,3,3,2,1,3,0,2,0,1,0,0,0,0,0
272,柏木３丁目,4,7,8,5,8,5,8,13,7,8,5,2,11,4,5,4,6,12,10,15,18,16,24,12,12,7,15,6,7,10,11,10,11,8,7,7,9,13,8,12,4,8,9,5,10,14,24,7,12,13,8,18,12,9,10,15,14,17,14,10,5,7,6,16,6,11,7,12,11,12,11,13,10,9,4,8,6,4,3,4,2,3,6,4,2,1,1,2,3,1,1,2,0,3,0,1,0,0,0,0,0
273,春日町,11,7,8,6,7,8,6,3,3,0,5,4,5,7,3,3,7,4,4,5,5,7,4,7,6,8,11,9,14,11,10,16,13,7,14,13,11,6,10,10,9,12,10,16,12,7,9,16,9,5,12,12,14,16,11,8,12,7,9,6,9,3,5,7,5,9,11,10,5,10,5,10,5,6,5,6,5,5,4,5,1,2,3,2,5,0,0,1,3,0,1,0,2,0,1,0,1,0,0,0,0
274,片平１丁目,4,4,3,0,7,5,5,6,2,4,11,8,8,6,4,2,3,8,8,5,8,8,7,20,13,14,14,14,11,11,19,6,10,5,11,15,10,11,7,10,11,10,17,11,12,12,14,12,7,8,8,6,13,11,13,11,12,14,15,10,12,10,11,7,8,10,8,10,8,9,16,6,13,5,7,9,6,4,8,5,2,7,4,3,3,1,3,7,2,1,3,0,0,2,0,0,0,0,0,0,0
275,花壇,2,2,3,1,6,3,4,0,5,3,7,2,0,5,3,4,2,6,2,11,7,11,12,8,10,7,9,6,9,4,5,6,8,5,4,4,6,4,2,8,8,9,1,4,5,3,5,7,6,4,3,8,3,6,5,3,4,1,3,4,6,3,4,2,7,5,7,13,9,8,3,10,0,9,9,3,7,7,1,3,4,3,3,3,1,1,0,1,2,1,1,2,1,1,0,0,0,0,0,0,0
335,上愛子,28,15,25,26,36,24,23,38,35,36,37,34,27,27,24,32,31,33,33,37,32,29,32,25,27,28,30,24,25,30,38,32,46,33,35,37,32,50,34,55,49,55,48,46,39,45,46,66,48,59,51,47,57,36,41,37,41,30,40,47,34,33,44,40,33,38,47,48,25,63,46,41,45,37,22,29,33,21,26,29,24,24,20,15,13,12,9,9,3,4,5,2,5,3,0,0,0,2,0,1,0
336,上杉１丁目,8,2,6,8,1,3,2,4,2,4,4,2,3,3,4,2,5,7,4,5,5,11,8,10,12,8,17,16,17,14,12,14,15,10,14,8,11,12,12,12,10,8,12,16,12,7,15,11,10,13,12,19,10,7,7,13,5,7,6,7,6,7,9,4,6,7,3,13,6,8,8,7,4,6,1,3,2,7,2,3,2,2,1,3,2,2,1,1,1,0,1,0,0,0,0,0,0,0,0,0,0
337,上杉２丁目,6,2,4,14,11,4,10,4,12,7,8,9,8,6,4,6,3,6,4,3,7,5,8,17,7,18,11,18,14,7,13,11,14,18,18,12,12,17,19,11,14,13,10,11,13,15,12,19,13,15,19,14,12,6,8,11,6,8,10,4,9,9,11,4,10,11,8,5,6,8,6,7,10,7,1,4,2,5,3,2,1,7,3,2,0,0,3,1,1,2,0,2,1,0,1,0,0,1,0,0,0
338,上杉３丁目,5,9,7,11,9,11,15,18,6,13,18,15,12,24,12,10,11,16,12,20,18,17,18,24,17,12,15,12,13,7,8,7,12,7,8,10,5,13,13,12,12,24,9,14,22,28,28,16,24,16,21,27,33,19,13,12,22,19,8,16,23,10,12,8,13,13,11,10,6,10,6,5,12,5,3,4,9,3,0,8,3,2,4,4,6,4,5,2,1,2,1,1,0,1,1,0,1,0,0,0,0
339,上杉４丁目,5,3,5,7,7,5,6,6,6,7,8,9,10,6,8,7,5,6,4,9,6,11,7,8,9,7,7,3,5,9,11,9,5,6,8,16,4,9,4,6,9,8,6,12,10,10,8,16,7,15,7,10,13,9,9,12,5,5,9,5,6,7,4,4,5,4,6,5,6,2,8,6,11,3,0,4,1,6,1,2,1,4,2,1,2,5,0,0,4,1,0,0,0,0,2,0,0,0,0,0,0
340,上杉５丁目,5,2,2,5,4,3,7,11,6,5,4,6,5,6,6,6,6,8,4,7,2,6,8,13,15,14,5,14,9,10,16,13,15,10,17,8,8,10,10,8,9,15,10,15,7,9,12,10,13,13,12,12,24,8,13,14,15,14,7,14,14,5,8,3,6,5,12,7,6,7,5,7,6,5,3,1,6,1,3,4,2,3,2,3,6,2,3,0,2,2,1,1,1,1,0,0,0,0,0,0,1
341,上杉６丁目,5,10,9,5,8,5,5,6,7,10,3,6,9,8,5,6,4,9,5,15,13,13,17,20,20,21,8,18,13,12,10,15,11,8,9,14,9,13,13,11,12,11,8,7,9,8,12,10,20,8,18,13,12,12,8,8,11,13,10,9,14,8,11,7,14,7,6,5,7,5,8,4,4,1,6,8,6,7,5,4,3,1,2,0,0,2,0,0,0,6,0,0,1,0,0,0,0,0,0,0,1
342,川内追廻,x,x,x,x,x,x,x,x,x,x,x,x,x,x,x,x,x,x,x,x,x,x,x,x,x,x,x,x,x,x,x,x,x,x,x,x,x,x,x,x,x,x,x,x,x,x,x,x,x,x,x,x,x,x,x,x,x,x,x,x,x,x,x,x,x,x,x,x,x,x,x,x,x,x,x,x,x,x,x,x,x,x,x,x,x,x,x,x,x,x,x,x,x,x,x,x,x,x,x,x,x
343,川内亀岡北裏丁,0,0,0,0,0,0,0,0,0,1,0,0,1,0,1,0,0,0,0,2,3,5,6,3,3,2,7,0,1,1,0,0,2,0,1,1,0,0,1,0,0,1,1,0,1,1,0,1,1,0,0,1,1,0,2,0,0,0,0,0,0,0,1,1,0,1,0,0,0,0,0,0,0,0,0,0,0,0,1,0,1,1,4,0,0,0,1,0,0,1,0,0,0,0,0,0,0,0,0,0,0
344,川内亀岡町,5,4,2,3,3,2,2,2,1,3,1,2,5,1,1,1,2,1,2,5,13,14,10,11,6,12,9,9,7,7,7,8,7,7,5,9,7,6,11,6,3,5,3,6,11,6,8,16,6,10,7,4,11,10,13,17,22,11,8,7,5,0,2,2,1,2,1,2,0,3,0,3,3,5,2,1,0,1,1,2,0,0,2,0,0,0,0,1,0,0,1,0,0,0,0,0,0,0,0,0,0
345,川内川前丁,0,0,1,0,0,0,0,1,1,1,0,1,0,1,0,0,2,2,1,3,4,4,7,11,8,6,4,4,1,2,5,2,2,4,6,1,1,1,2,1,2,0,0,1,2,1,3,2,1,0,0,3,1,0,1,0,0,1,2,0,0,1,0,0,0,1,2,1,0,1,2,3,1,1,2,2,1,1,1,0,1,0,0,1,2,0,0,3,1,0,0,1,0,2,0,0,0,0,0,0,0
346,川内三十人町,6,4,7,8,9,11,10,4,2,4,4,1,3,2,2,1,1,3,8,27,30,29,26,23,23,23,17,10,12,2,12,8,12,7,9,13,5,3,9,11,11,9,8,5,9,6,5,1,7,9,7,2,5,8,3,3,3,3,6,5,2,5,2,2,0,3,4,4,2,3,7,3,4,1,1,3,1,3,1,2,2,2,3,4,2,3,2,0,1,3,0,2,0,1,1,1,0,0,1,0,0
347,川内大工町,0,1,1,1,0,3,0,1,0,2,2,1,2,1,1,0,0,0,4,6,13,13,15,10,8,6,11,4,5,2,4,3,6,4,2,0,1,4,1,3,2,2,1,1,1,2,0,4,2,3,1,2,2,0,0,1,2,0,0,2,1,0,2,0,2,1,0,0,0,0,4,2,2,0,2,1,1,0,0,0,0,1,2,2,0,3,2,0,1,0,0,0,0,0,0,2,0,0,0,0,0
348,川内中ノ瀬町,0,1,0,0,0,1,1,0,0,1,0,0,0,0,0,0,0,0,0,0,0,1,0,0,0,0,0,0,0,0,1,0,0,0,0,0,0,0,0,0,1,0,0,0,0,0,0,0,1,0,0,1,0,0,0,1,0,0,0,0,0,1,0,0,0,0,0,0,0,1,1,0,0,0,0,0,0,1,0,0,0,0,1,0,0,0,0,0,0,1,0,0,0,0,0,0,0,0,0,0,0
349,川内明神横丁,0,0,0,0,0,0,0,0,0,0,0,0,0,0,0,0,0,1,0,3,3,4,10,6,2,3,5,3,4,1,0,1,0,0,0,1,0,0,0,1,0,2,0,1,0,0,1,0,0,1,1,0,0,0,1,0,1,0,0,0,2,1,0,0,0,0,0,0,0,0,1,1,0,0,0,0,0,0,1,1,1,0,0,0,0,0,0,0,0,0,0,0,0,0,0,0,0,0,0,0,0
350,川内元支倉,4,3,3,7,1,3,3,3,3,2,3,0,3,2,1,1,3,2,1,1,3,2,1,1,1,4,5,0,3,1,1,1,4,1,3,2,1,5,6,2,2,4,3,5,5,4,5,4,11,7,6,5,8,9,5,0,7,18,4,4,8,2,4,4,5,3,1,1,0,0,1,0,0,0,0,0,0,0,0,0,0,0,0,0,0,0,0,0,0,0,0,0,0,0,0,0,0,0,0,0,0
351,川内山屋敷,0,0,0,0,0,0,0,0,0,0,0,0,0,0,0,0,0,0,4,5,12,5,10,4,7,1,2,4,3,0,2,2,0,1,2,2,1,0,1,0,1,0,0,0,0,0,1,0,1,0,3,2,0,1,0,0,1,0,1,0,1,0,1,1,0,0,0,2,0,0,0,1,2,1,0,0,2,0,1,0,0,1,1,0,0,1,0,0,0,0,0,1,0,0,1,0,0,0,0,0,0
352,川内澱橋通,0,0,1,0,0,2,0,1,0,0,2,1,1,3,0,0,1,1,2,4,10,13,7,14,8,2,3,3,2,2,3,2,0,1,0,1,3,0,3,1,0,1,0,1,2,0,0,1,3,1,2,1,0,1,0,1,1,0,2,1,1,3,1,1,3,0,1,1,0,2,0,2,3,2,2,1,0,0,1,1,0,2,1,1,0,0,1,1,0,0,0,1,0,0,0,0,0,0,0,0,0
353,川平１丁目,4,0,0,4,3,1,2,2,2,2,1,1,0,3,2,2,4,1,1,5,3,5,1,0,1,3,1,3,6,1,1,2,3,3,5,2,3,3,7,5,4,6,1,6,3,5,4,3,6,4,6,5,1,4,1,5,2,5,5,5,4,1,3,2,1,1,1,3,4,4,7,4,2,0,3,2,4,0,4,2,3,0,1,3,1,1,3,0,0,0,0,0,0,2,0,0,0,0,0,0,0
354,川平２丁目,6,8,4,4,7,3,8,5,6,2,6,4,2,4,3,2,8,2,6,3,6,5,5,5,4,6,5,8,5,6,9,9,7,5,12,8,7,9,14,4,8,11,10,7,14,8,7,10,7,10,9,7,7,9,8,9,7,6,9,7,4,6,7,5,7,9,10,3,12,3,12,4,13,5,4,7,6,6,3,1,4,3,6,3,1,7,3,5,0,1,3,1,1,1,1,0,0,0,0,0,0
355,川平３丁目,5,6,5,6,4,13,8,11,12,16,6,7,14,7,9,13,16,9,10,12,13,15,14,22,11,9,10,5,7,6,10,9,8,16,12,13,14,13,12,8,17,14,11,18,19,23,19,18,15,17,11,14,3,19,12,9,13,7,14,9,9,8,12,12,9,7,17,15,15,17,16,26,23,18,10,16,16,14,17,12,14,6,14,13,9,4,4,4,2,3,2,1,2,2,0,0,0,0,0,0,0
356,川平４丁目,1,2,3,6,6,3,7,5,4,6,8,5,3,8,8,2,6,3,8,5,4,10,4,5,4,5,6,4,5,4,3,6,6,5,4,5,9,12,7,11,20,10,8,11,13,10,16,14,16,13,8,7,8,8,3,4,7,8,5,3,7,5,3,8,4,8,4,4,17,24,19,27,28,16,9,4,12,12,19,14,6,8,8,8,5,5,3,1,1,1,2,2,3,1,0,0,0,0,0,0,0
357,川平５丁目,1,2,4,3,2,1,3,3,0,2,3,5,1,0,4,2,1,1,2,0,2,0,2,1,0,4,1,1,1,2,5,1,3,1,4,2,1,3,2,0,2,7,4,8,7,3,1,3,2,3,2,2,5,0,1,2,2,1,0,5,0,2,0,3,2,4,5,1,1,1,6,9,4,6,7,3,3,4,4,3,5,4,0,2,1,0,0,0,0,3,0,0,0,0,0,0,0,0,0,0,0
358,菊田町,1,0,1,0,3,2,0,0,3,2,1,1,3,1,2,0,0,1,2,3,3,6,2,5,3,2,4,2,3,3,2,1,0,3,3,2,1,1,5,2,4,4,4,3,2,4,3,6,5,5,2,3,3,2,4,2,2,2,4,1,3,0,2,5,5,3,4,3,6,6,1,1,4,1,2,0,1,2,3,2,0,2,4,1,1,1,1,0,0,1,1,0,0,0,0,0,0,0,0,0,0
359,北根１丁目,2,6,3,5,3,7,2,6,5,3,8,1,8,10,2,6,4,6,5,6,18,10,12,14,17,9,8,9,7,10,8,6,12,4,5,9,1,10,7,11,7,6,15,13,12,12,17,17,17,16,23,16,17,17,20,16,12,14,12,12,10,18,14,12,11,9,10,11,15,15,10,7,6,6,5,7,7,8,4,6,6,5,2,4,4,0,4,2,2,1,0,0,1,0,0,2,0,0,0,0,0
360,北根２丁目,0,2,1,0,0,0,0,0,0,0,0,1,0,1,0,0,0,0,1,0,0,1,0,0,0,0,0,1,0,0,1,3,0,1,0,0,1,1,2,1,1,0,1,3,1,0,2,1,0,0,0,1,0,1,1,0,0,0,0,2,0,0,2,2,1,0,0,1,0,2,1,0,2,1,0,1,2,1,0,1,0,0,1,2,1,0,0,1,0,0,0,1,0,0,0,0,0,0,0,0,0
361,北根３丁目,3,3,2,6,6,3,3,4,5,3,4,4,5,5,7,5,6,7,5,9,4,2,7,1,4,9,6,11,7,9,3,11,11,10,8,11,7,10,6,8,9,8,11,9,12,14,11,12,13,11,16,11,8,8,11,8,7,10,8,4,5,14,5,6,11,8,9,9,6,9,12,8,8,4,2,4,6,5,5,6,5,1,1,5,3,3,6,1,2,0,1,1,0,1,0,0,0,0,0,0,0
362,北根４丁目,2,0,0,2,0,0,1,0,0,0,1,0,0,0,0,1,0,0,1,0,0,1,0,0,0,1,1,0,1,0,0,0,0,0,0,0,2,2,0,0,0,0,1,0,0,1,2,0,0,1,0,0,3,2,0,3,0,1,1,2,3,2,2,1,3,1,1,2,5,0,3,2,3,2,0,2,2,2,1,0,2,0,0,1,0,0,0,0,1,0,0,0,0,0,0,0,0,0,0,0,0
363,北根黒松,8,3,3,5,2,4,6,2,5,3,4,3,1,2,6,6,4,4,2,6,5,5,7,4,5,5,7,7,6,7,5,6,5,3,8,11,4,4,9,4,12,4,10,6,12,10,9,11,8,3,10,9,5,4,6,9,8,4,10,9,5,5,8,2,5,4,6,4,6,10,2,2,4,3,3,2,6,3,3,5,5,1,1,4,2,3,2,3,2,3,2,1,0,0,2,0,0,0,0,0,0
364,北目町,1,2,1,1,1,2,3,1,0,2,3,0,2,1,1,2,2,3,2,4,10,7,13,11,16,8,19,8,10,7,10,5,4,8,10,11,9,13,4,6,5,4,8,3,7,13,8,7,9,4,8,10,4,5,7,5,3,3,4,2,3,7,7,3,1,4,5,1,4,6,8,5,8,6,2,2,2,3,4,0,3,0,0,1,3,3,2,4,3,0,3,1,0,0,0,1,0,0,0,0,0
365,北山１丁目,1,2,4,7,4,5,4,3,2,2,5,3,0,6,0,2,1,3,4,14,12,11,8,11,15,10,9,14,11,11,7,7,8,8,12,5,6,5,3,6,9,6,8,6,11,7,10,8,12,5,4,9,8,5,7,12,5,9,7,4,7,5,8,6,6,3,8,7,10,4,4,11,9,6,7,4,5,8,2,5,7,4,2,4,0,4,3,3,2,1,0,1,3,1,2,0,0,0,0,0,0
366,北山２丁目,9,5,6,6,3,4,9,4,2,5,6,3,10,6,4,2,3,5,6,10,8,11,7,9,10,6,10,10,6,10,4,17,9,9,7,10,6,7,5,11,6,6,4,13,10,8,7,11,9,12,12,6,4,4,5,7,10,6,6,12,5,5,5,6,9,4,6,11,8,6,3,1,13,5,1,5,4,4,3,5,1,1,1,4,3,3,1,0,2,2,0,0,2,0,0,1,0,0,0,0,0
367,北山３丁目,2,3,5,0,6,2,4,4,1,2,0,2,1,2,5,1,2,1,4,9,14,16,12,8,9,12,9,8,8,3,10,13,11,8,8,8,5,7,6,6,7,4,5,2,4,9,5,9,6,7,6,5,6,3,13,5,4,4,5,7,6,1,3,5,4,2,4,6,6,5,5,3,6,4,4,5,0,0,8,1,3,5,0,3,2,0,0,1,2,1,1,0,1,0,0,0,0,0,1,0,0
368,木町,8,9,7,6,10,3,9,3,4,6,4,7,2,5,13,7,4,8,10,14,15,12,20,22,16,25,20,23,23,23,18,8,19,17,18,22,20,10,9,15,13,13,16,11,12,19,16,9,13,19,20,12,15,9,10,10,9,11,11,9,13,10,12,13,12,10,5,14,7,8,17,13,10,11,1,2,10,8,10,4,8,4,6,3,6,4,2,5,0,1,3,1,1,1,0,1,1,0,0,0,0
369,木町通１丁目,11,12,6,5,8,12,8,3,8,4,7,8,10,10,3,5,7,7,12,4,9,15,14,32,42,24,20,16,20,14,26,23,17,14,21,17,23,16,16,10,21,25,15,16,12,15,16,30,17,23,17,14,8,21,18,12,18,13,10,13,10,11,9,7,9,13,6,16,7,4,10,9,6,4,6,5,2,9,3,3,3,4,3,3,3,1,2,3,2,1,1,0,1,0,0,0,0,0,1,0,0
370,木町通２丁目,4,11,3,13,7,7,13,8,11,8,8,8,11,10,9,7,6,7,8,7,7,12,14,12,24,20,25,18,15,16,12,13,18,14,17,14,11,19,7,13,12,16,14,21,13,17,22,22,22,18,14,21,14,19,18,11,12,15,9,17,13,8,7,11,9,12,7,6,10,12,13,15,10,7,7,10,11,4,5,6,7,5,5,1,2,3,2,3,0,2,1,1,0,1,0,0,0,0,0,0,0
371,国見１丁目,3,0,2,3,7,2,4,2,3,1,6,5,2,4,2,4,3,7,8,9,14,11,14,12,6,8,1,8,5,4,4,6,2,9,3,3,8,3,3,6,6,6,2,6,7,8,9,7,8,8,13,5,9,3,4,7,5,3,7,5,6,2,9,2,10,2,4,7,10,8,3,7,6,3,5,7,4,4,4,2,0,4,3,3,2,2,4,1,3,1,2,0,0,1,0,4,0,1,0,0,0
372,国見２丁目,0,7,6,2,7,5,6,7,5,2,4,4,4,7,11,7,6,6,10,7,13,9,9,4,6,7,4,12,9,4,4,5,6,9,8,5,4,2,10,6,2,13,4,6,10,3,7,8,14,4,10,7,9,10,5,8,8,10,6,9,6,6,5,7,6,10,5,12,8,11,3,10,13,5,2,6,3,4,8,3,4,2,3,5,3,4,1,3,0,1,1,2,3,0,0,0,1,0,0,0,1
373,国見３丁目,3,1,1,1,2,0,2,1,0,4,2,2,5,1,5,5,4,5,3,15,10,13,11,16,9,6,9,9,8,5,9,5,6,6,9,6,2,6,9,4,4,8,6,9,8,6,7,3,3,8,7,7,6,13,11,9,9,9,7,6,7,11,12,6,10,5,12,10,12,10,11,9,9,5,5,4,4,3,3,1,2,3,1,1,1,2,1,5,4,0,0,2,1,1,1,1,0,0,1,0,0
374,国見４丁目,1,0,2,0,0,0,1,0,2,0,2,3,2,3,1,5,2,0,5,6,6,4,5,5,4,3,2,1,1,2,1,1,1,1,1,0,1,0,0,3,2,1,1,3,2,1,3,3,2,6,2,2,2,3,5,2,4,2,3,1,2,2,4,1,2,3,2,2,1,1,2,1,3,0,1,3,1,1,1,2,3,0,0,1,1,1,3,1,3,0,0,0,1,0,0,0,0,0,0,0,0
375,国見５丁目,2,2,4,0,3,2,2,3,2,1,3,6,2,2,2,5,2,1,1,3,10,4,1,0,6,4,2,6,3,8,5,6,2,5,9,6,11,4,5,2,3,8,4,6,1,2,2,8,3,4,4,5,2,2,5,10,4,9,3,3,4,7,4,3,4,8,5,9,5,1,7,8,6,1,7,1,8,3,5,3,1,3,3,5,2,2,1,2,1,1,0,0,1,0,0,0,0,0,0,0,0
376,国見６丁目,3,3,6,8,6,5,4,11,4,9,10,7,10,9,12,10,15,16,16,24,23,29,19,14,11,11,10,10,11,11,19,11,8,10,14,12,8,10,12,5,14,14,9,19,16,16,27,25,23,23,24,30,22,20,34,24,20,28,19,20,20,18,20,14,22,15,22,19,21,19,18,19,14,10,9,16,18,15,11,7,6,4,6,4,6,2,3,7,2,1,1,1,1,2,0,0,0,0,0,0,0
377,国見ケ丘１丁目,1,2,1,3,3,2,4,5,5,3,3,6,3,7,2,2,6,5,4,4,5,8,7,7,5,7,2,4,8,5,5,2,6,5,2,2,3,1,2,4,3,5,2,3,3,9,7,6,8,3,4,4,7,7,11,10,6,9,8,7,6,12,9,8,17,11,19,14,14,9,7,11,11,8,6,6,7,5,3,2,3,1,2,2,3,0,3,0,0,2,2,0,0,0,0,1,1,0,0,0,0
378,国見ケ丘２丁目,4,2,3,7,5,5,2,5,1,4,2,5,5,3,13,9,5,8,6,6,4,7,6,7,4,5,3,5,2,2,6,7,6,7,5,2,3,8,7,4,1,7,4,7,5,6,4,8,3,8,8,13,6,5,10,11,5,9,15,12,7,14,14,14,13,6,13,6,10,11,13,17,14,13,10,8,8,4,4,3,2,5,4,1,1,1,1,0,0,1,0,0,0,1,0,0,0,0,0,0,0
379,国見ケ丘３丁目,1,1,3,6,4,5,2,5,3,4,3,4,3,1,14,3,3,3,6,5,10,1,0,4,2,0,2,4,3,3,4,3,5,5,4,9,6,3,4,3,6,10,6,3,3,2,4,5,5,10,4,8,6,4,4,2,3,1,2,6,6,6,8,6,7,9,13,10,10,15,18,11,19,10,6,6,3,2,8,8,5,3,3,3,2,0,0,0,1,2,0,1,0,3,1,1,0,0,0,0,0
380,国見ケ丘４丁目,0,0,2,0,4,2,1,4,0,4,4,2,0,3,2,1,8,2,4,4,4,4,3,2,3,7,1,1,3,0,5,3,2,11,2,4,6,2,0,4,2,2,2,1,1,3,3,6,5,7,6,7,2,5,5,1,8,9,6,7,3,3,10,5,5,10,10,8,7,13,9,12,5,5,5,5,4,4,2,1,6,3,3,4,0,2,0,1,1,1,1,0,0,1,0,0,0,0,0,0,0
381,国見ケ丘５丁目,3,7,2,1,5,2,4,5,5,1,6,3,5,10,11,6,6,3,4,3,5,4,8,4,4,2,3,1,3,7,5,7,2,5,4,7,8,4,8,9,4,11,9,14,7,7,15,8,10,8,9,11,1,4,7,7,7,9,9,4,13,8,10,14,11,9,11,18,10,13,17,17,17,14,9,11,12,8,6,6,7,3,5,3,4,4,2,2,2,3,2,1,1,1,1,0,0,0,0,0,0
382,国見ケ丘６丁目,1,2,0,0,0,0,1,2,1,0,0,1,1,0,1,0,0,0,4,30,35,26,1,3,1,0,2,4,6,2,0,2,0,0,2,1,1,3,1,0,3,1,1,0,0,1,0,0,4,0,2,1,2,1,0,1,1,2,0,1,1,0,0,1,1,1,1,1,0,3,1,3,2,3,0,2,0,2,1,1,0,1,2,1,1,1,0,1,0,0,0,0,0,0,0,1,0,0,0,0,0
383,国見ケ丘７丁目,0,1,0,0,0,0,0,0,0,0,0,0,0,0,0,0,0,2,3,1,0,0,0,0,0,0,0,0,0,0,0,0,0,0,0,0,0,0,0,0,1,0,0,0,0,0,1,0,0,0,0,0,0,0,0,0,0,0,0,0,0,0,0,0,1,0,0,0,3,1,0,1,0,0,1,0,2,1,0,1,2,0,0,0,2,1,0,0,1,1,0,0,1,1,0,0,0,0,0,0,0
403,熊ケ根,0,1,0,0,0,1,1,2,0,0,0,5,1,3,3,4,2,3,2,2,2,1,2,0,1,1,2,1,1,2,1,1,1,6,1,0,2,4,4,1,4,5,2,1,0,7,9,3,3,7,1,5,3,1,4,5,7,6,7,4,7,5,7,6,6,7,12,1,7,4,7,4,11,5,3,5,6,4,6,5,8,7,4,4,2,5,3,0,5,1,1,1,2,1,0,0,0,0,0,0,0
404,栗生１丁目,0,4,4,3,3,3,3,4,2,2,5,2,3,7,3,6,6,8,1,2,5,3,2,7,6,10,4,4,3,2,1,7,4,4,4,10,8,6,5,4,8,10,7,8,9,14,9,6,8,12,6,10,7,4,8,14,8,6,8,7,8,7,8,8,6,9,5,7,8,17,7,7,5,4,1,5,6,4,1,1,4,2,0,1,1,1,0,1,1,0,0,0,1,0,0,0,0,0,1,0,0
405,栗生２丁目,7,9,4,8,2,4,5,4,6,4,3,5,7,4,4,2,2,3,1,4,1,4,5,5,2,3,4,3,5,3,5,4,6,7,9,7,9,5,6,9,9,7,6,6,8,4,4,6,9,7,4,4,4,2,7,1,3,3,2,7,5,3,5,3,4,4,1,8,5,5,8,0,7,4,2,1,3,2,2,0,1,0,0,0,2,1,1,0,0,2,0,0,0,0,0,0,0,0,0,0,0
406,栗生３丁目,2,1,3,2,3,3,7,5,7,6,2,7,8,6,10,10,5,4,8,10,6,9,5,7,5,6,5,10,9,7,8,5,7,7,6,7,3,6,4,6,7,6,7,9,14,9,8,5,9,9,9,8,10,3,4,7,11,3,6,8,13,6,10,6,7,9,5,15,5,8,4,11,6,3,6,3,6,6,1,6,3,2,5,1,1,3,2,2,1,1,0,1,0,0,0,0,0,0,0,0,0
407,栗生４丁目,6,2,5,2,5,5,3,4,1,4,7,1,3,1,3,4,2,5,7,0,3,5,5,3,4,7,5,6,6,9,6,6,3,8,7,6,4,6,6,8,5,6,7,6,6,5,7,8,5,6,5,6,9,1,5,2,6,5,6,8,4,9,4,2,11,6,6,6,8,8,7,6,4,3,4,1,2,4,3,3,1,2,0,4,3,3,1,3,1,0,1,1,0,2,0,0,0,0,0,0,0
408,栗生５丁目,1,1,2,6,4,4,3,7,3,5,8,6,5,5,3,2,3,2,1,0,3,2,1,5,5,3,5,8,1,10,7,6,3,1,8,3,5,6,4,3,3,5,5,10,10,6,5,4,7,6,6,5,6,5,7,8,1,5,1,6,2,3,4,4,3,3,5,5,2,8,2,4,3,2,3,4,1,2,2,1,3,0,1,2,2,0,1,2,2,1,0,0,0,0,0,0,0,0,0,0,0
409,栗生６丁目,8,1,5,0,2,2,4,4,6,6,6,5,3,6,5,8,2,4,4,4,2,2,1,2,1,1,0,0,0,4,3,4,0,3,2,2,8,3,3,3,4,8,4,10,10,7,8,10,5,2,8,3,2,3,5,5,2,3,3,1,0,1,1,2,1,0,2,2,1,3,1,2,0,0,1,2,2,0,0,3,1,2,2,0,0,3,1,1,1,0,2,0,0,0,0,0,0,0,1,0,0
410,栗生７丁目,0,3,1,1,5,1,2,1,3,0,3,2,2,2,0,2,2,3,1,2,3,0,2,0,1,0,2,0,1,1,0,3,2,2,3,1,2,2,1,3,7,2,3,5,2,5,2,4,3,3,0,5,2,1,1,0,1,0,1,0,0,1,0,4,0,3,1,1,0,2,2,2,1,0,0,0,0,0,1,0,0,2,1,0,0,0,1,0,0,1,0,1,0,0,0,1,0,1,0,0,0
411,国分町１丁目,1,2,2,0,0,2,0,1,2,2,0,1,0,0,0,0,0,0,2,2,1,1,0,3,1,4,2,1,4,1,1,1,1,2,0,2,0,3,1,1,2,3,2,3,2,4,5,4,1,3,7,1,3,3,6,0,2,1,1,2,2,4,2,1,0,3,2,1,3,3,3,2,3,2,1,0,1,1,1,0,1,2,1,0,1,0,1,1,0,0,0,0,1,0,0,0,0,0,0,0,0
412,国分町２丁目,1,0,0,0,0,1,1,0,0,0,0,0,0,0,0,1,1,0,0,0,1,1,1,1,2,1,1,0,0,2,0,2,0,3,3,0,0,0,3,2,0,1,1,2,2,1,2,2,0,1,1,0,0,2,1,1,1,0,1,0,1,3,0,0,4,2,1,0,2,1,1,2,1,1,0,2,1,1,1,0,0,0,0,0,1,0,0,1,1,1,0,0,0,0,0,0,0,0,0,0,0
413,国分町３丁目,6,5,5,4,4,3,6,4,2,2,4,2,3,3,0,3,6,7,2,1,1,7,7,15,10,12,11,11,8,13,6,7,12,6,10,11,13,14,11,8,9,12,23,11,14,16,13,13,6,22,13,13,13,15,7,9,8,6,7,10,7,10,10,9,7,8,5,9,6,6,9,9,10,6,3,2,1,1,3,0,1,2,1,6,1,3,3,2,0,0,1,0,0,0,0,0,0,0,0,0,0
414,小松島１丁目,4,1,2,1,2,1,1,2,4,2,2,1,1,3,2,2,2,4,1,4,1,4,8,4,7,7,9,7,3,5,7,4,2,7,3,6,1,6,3,6,4,6,2,4,4,0,3,2,4,7,6,5,11,3,4,3,2,1,7,5,9,5,5,5,3,5,1,2,3,2,5,5,2,3,2,1,3,3,3,0,2,1,0,2,3,2,2,2,0,1,0,0,0,1,0,0,1,0,0,0,0
415,小松島２丁目,5,7,5,11,9,10,6,6,8,10,3,8,7,5,5,5,10,5,12,12,9,15,15,6,13,11,13,7,11,15,16,10,12,16,18,16,16,17,10,13,14,15,17,11,11,11,15,12,13,13,8,7,7,8,7,7,7,7,7,9,5,10,14,17,8,3,11,11,7,4,5,14,10,5,6,6,1,2,3,4,1,1,6,1,4,2,2,4,0,1,1,2,0,0,2,0,1,0,0,0,0
416,小松島３丁目,4,3,1,4,6,5,4,1,2,3,2,4,3,4,4,3,5,4,2,3,6,9,7,8,12,6,4,6,7,7,11,6,8,8,5,8,4,8,5,12,14,7,9,8,4,4,8,9,6,8,7,7,6,4,4,10,5,9,2,2,4,4,8,6,7,9,4,6,7,9,4,3,5,7,4,1,6,3,4,2,2,2,4,0,1,3,6,5,1,4,2,2,1,0,0,0,0,1,0,0,0
417,小松島４丁目,6,9,8,10,8,8,8,12,6,6,3,6,4,9,6,4,7,5,8,9,8,11,16,16,17,8,12,15,24,12,11,10,16,11,16,8,17,12,14,19,15,11,13,7,10,8,13,16,14,9,10,11,13,11,10,8,16,13,12,9,9,9,8,11,8,12,6,14,13,12,10,6,10,5,6,4,6,2,2,1,5,4,3,5,1,3,3,1,4,1,1,1,0,4,2,1,1,1,0,0,0
418,小松島新堤,3,0,3,1,1,0,3,2,1,0,3,0,2,1,0,0,2,2,1,1,1,3,0,0,1,2,3,4,0,4,2,3,1,1,4,4,2,1,2,2,2,2,2,3,4,5,3,3,2,4,2,4,3,2,2,1,3,0,4,2,2,3,3,4,5,4,1,3,0,2,4,4,3,2,0,0,2,2,2,2,1,2,2,3,5,1,1,1,0,0,2,1,0,0,0,0,1,0,0,0,0
419,米ケ袋１丁目,1,3,2,2,2,4,4,6,7,6,2,4,5,2,2,9,6,4,5,8,12,7,7,15,8,15,10,13,10,6,3,8,8,3,3,5,8,9,10,6,10,8,9,12,5,6,11,1,9,8,7,10,7,9,9,9,6,10,10,3,4,4,3,5,6,8,3,3,4,4,3,15,4,2,1,3,2,3,6,3,2,4,3,3,1,1,1,1,2,1,1,1,1,0,0,0,0,0,0,0,0
420,米ケ袋２丁目,0,3,2,6,8,5,6,6,4,3,3,4,3,2,3,2,8,5,3,3,4,8,10,20,11,14,12,3,8,13,6,12,6,10,9,7,9,10,10,8,6,7,6,11,10,8,6,7,6,7,9,8,16,6,8,8,9,12,10,5,5,7,9,6,9,4,6,8,7,7,7,7,8,7,6,5,2,3,2,6,4,4,4,3,1,3,0,1,4,2,0,0,1,0,0,0,0,0,0,0,0
421,米ケ袋３丁目,0,2,2,1,1,1,3,2,2,4,3,1,3,2,3,2,2,2,1,5,6,11,3,15,8,10,5,5,4,6,11,6,4,3,3,4,2,3,7,5,4,4,2,0,4,1,3,4,4,11,4,5,8,2,3,5,2,5,2,2,4,3,1,1,6,0,3,5,2,3,2,0,4,2,2,2,2,4,2,4,0,5,0,4,0,0,1,2,0,1,2,0,0,1,0,0,0,0,0,0,0
439,郷六,3,9,6,6,6,5,9,5,7,3,4,5,8,8,7,5,3,7,12,7,9,7,11,10,7,6,9,11,12,9,14,9,7,6,10,8,8,11,7,12,10,15,9,9,10,8,14,11,7,12,15,18,13,4,12,7,16,17,15,13,10,22,19,19,16,12,14,14,11,20,12,16,19,13,6,3,7,5,9,9,11,3,6,2,4,4,2,6,4,1,3,2,4,0,1,1,0,0,0,1,0
440,鷺ケ森１丁目,5,6,6,9,7,5,6,2,6,3,3,2,6,6,2,6,6,2,4,6,4,3,4,8,7,8,10,9,14,8,11,9,14,9,13,13,14,12,9,9,7,9,13,10,7,12,8,8,20,13,13,8,8,9,9,6,11,14,9,9,9,8,9,6,7,16,9,10,13,6,9,9,7,9,5,3,9,7,2,3,6,6,1,1,8,2,5,3,2,2,7,1,1,1,0,0,0,0,1,0,1
441,鷺ケ森２丁目,4,3,3,5,4,6,6,6,8,6,3,3,2,6,2,5,6,2,4,5,6,3,5,5,4,10,5,8,10,7,7,4,5,11,6,11,9,12,8,9,3,13,10,10,8,17,10,3,8,7,10,9,3,2,7,4,4,7,6,5,6,2,8,7,8,7,3,9,6,5,3,10,8,4,4,10,5,3,8,4,3,0,4,5,4,2,2,4,2,0,0,3,3,2,1,1,0,0,1,0,0
470,作並,1,0,1,1,2,1,1,0,0,0,1,3,1,0,0,0,2,1,5,5,2,4,3,4,4,3,0,4,1,4,1,3,4,3,2,4,2,2,3,3,4,3,3,10,4,3,6,5,8,3,7,12,4,0,9,6,6,5,6,4,8,3,11,5,12,7,6,8,8,8,8,9,8,5,6,5,8,12,6,8,3,2,5,7,4,3,2,2,3,4,0,2,0,3,0,1,0,2,0,0,1
471,桜ケ丘１丁目,0,1,2,4,5,8,11,6,8,9,7,9,12,17,12,14,9,15,3,7,10,3,4,4,8,1,3,7,4,8,5,6,5,7,10,7,8,8,6,10,7,8,14,16,14,13,5,15,17,13,14,18,11,9,8,12,12,7,9,6,9,10,10,10,9,5,8,7,8,13,5,11,10,6,11,8,9,7,6,8,6,6,4,6,5,8,5,4,4,4,6,5,1,0,2,1,0,0,0,0,0
472,桜ケ丘２丁目,1,0,4,3,5,3,3,1,5,2,5,5,8,8,7,4,9,2,3,5,4,2,0,2,2,2,2,2,0,0,3,3,4,3,3,4,3,4,3,4,4,7,8,9,2,7,6,4,6,5,6,6,8,8,2,8,8,3,3,5,5,2,5,4,4,5,3,6,7,9,12,4,4,5,5,1,7,6,4,4,3,1,1,4,3,1,5,3,3,3,2,1,0,0,0,0,0,0,0,0,0
473,桜ケ丘３丁目,2,4,6,7,6,5,6,1,2,6,6,5,6,3,7,6,5,6,2,3,3,7,3,10,5,2,3,4,1,1,7,5,5,4,7,6,6,6,6,1,3,5,4,9,7,10,9,7,10,14,8,10,6,9,11,6,6,4,5,12,3,4,7,4,8,5,6,4,6,7,9,5,4,5,4,1,13,4,9,6,5,6,4,6,4,8,2,5,2,8,5,3,1,2,1,0,0,0,0,1,0
474,桜ケ丘４丁目,3,1,0,2,2,2,6,1,3,2,4,0,2,3,2,4,5,1,2,4,5,3,1,3,0,2,2,2,3,0,4,2,3,1,2,5,9,4,1,1,3,11,4,2,0,5,8,1,6,3,3,5,5,2,7,7,7,7,10,8,5,4,7,6,3,5,2,7,8,4,6,5,5,8,6,3,1,6,6,5,7,3,1,6,6,3,7,6,4,4,2,3,1,0,1,2,1,0,0,1,1
475,桜ケ丘５丁目,5,2,5,3,7,2,4,10,3,4,2,6,5,5,6,5,5,13,4,7,2,5,8,4,4,4,6,6,2,4,5,8,7,6,8,2,8,9,8,5,5,9,8,10,8,15,10,12,7,14,14,7,9,7,10,8,7,10,6,4,7,8,7,9,5,4,7,2,7,6,2,6,13,8,4,7,6,5,9,9,10,10,9,4,5,5,6,8,4,5,2,5,2,0,0,0,0,0,0,0,0
476,桜ケ丘６丁目,2,4,2,7,5,4,4,2,3,8,6,4,4,3,8,4,4,4,3,8,3,1,5,4,2,0,4,3,6,2,5,7,3,7,3,2,9,5,5,3,9,8,8,9,11,10,15,7,9,13,13,9,10,5,7,9,4,7,12,6,6,5,6,4,4,5,8,3,7,6,4,11,13,6,6,4,13,9,15,8,3,3,9,10,3,10,8,5,3,8,2,2,0,3,1,0,0,0,0,0,1
477,桜ケ丘７丁目,3,4,5,4,5,11,6,5,6,6,3,6,4,6,4,6,7,5,4,8,6,1,4,7,4,7,5,5,5,11,1,4,4,7,10,9,8,3,9,14,10,6,6,8,11,10,13,8,16,14,9,6,8,7,4,7,3,8,4,9,8,9,7,9,4,4,8,4,7,15,14,15,13,8,5,15,13,9,11,14,11,10,5,10,10,6,5,6,3,0,4,2,1,1,1,0,0,1,0,1,0
478,桜ケ丘９丁目,0,0,0,0,0,0,0,0,0,0,0,0,0,0,0,0,0,0,0,0,0,0,0,0,0,0,0,0,0,0,0,0,0,0,0,0,0,0,0,0,0,0,0,0,0,0,0,0,0,0,0,0,0,0,0,0,0,0,0,0,0,0,0,0,0,0,0,0,0,0,0,0,0,0,0,0,0,0,0,0,0,0,0,0,0,0,0,0,0,0,0,0,0,0,0,0,0,0,0,0,0
479,桜ケ岡公園,1,0,0,0,0,0,2,1,0,0,0,0,0,2,0,0,0,0,1,3,0,1,0,1,0,2,1,1,0,2,1,0,1,4,1,2,2,1,4,0,1,0,3,1,1,1,2,0,1,0,1,1,1,3,2,1,4,2,2,0,2,1,1,4,2,1,1,1,1,2,2,4,4,2,3,6,5,4,1,2,3,2,2,0,0,1,3,0,1,0,0,1,0,0,1,0,0,0,0,0,0
480,三条町,7,8,5,9,2,5,5,4,2,2,2,2,4,4,3,3,2,3,3,26,21,24,44,42,30,31,23,21,19,20,19,25,19,12,13,13,8,10,12,6,11,4,6,6,10,2,4,9,8,5,9,9,7,5,6,7,7,4,1,4,2,5,1,5,1,2,2,6,3,7,6,5,5,0,3,6,3,3,6,3,5,2,2,2,1,2,2,2,4,2,1,0,1,1,0,0,0,0,0,0,0
481,子平町,7,6,3,4,5,4,5,3,8,11,9,5,6,8,2,11,7,4,7,15,13,24,21,14,16,26,17,17,18,13,14,9,16,11,12,17,9,11,14,15,9,14,12,8,12,16,13,12,8,16,12,10,12,9,4,9,12,8,9,5,5,8,11,9,11,5,9,12,4,6,9,11,18,8,1,6,11,4,6,2,2,6,4,3,3,6,4,5,2,3,1,0,0,3,2,2,0,1,0,0,0
501,下愛子,11,16,16,12,14,17,17,17,14,16,27,15,15,20,14,18,10,15,11,19,16,13,16,11,12,16,16,17,11,15,16,20,19,23,16,22,20,20,29,21,19,24,21,21,23,21,21,22,17,19,14,18,8,19,14,14,11,12,9,13,12,14,11,12,20,10,6,12,6,15,8,10,20,10,3,7,8,9,10,4,5,9,7,1,1,3,3,2,2,2,1,2,1,0,0,0,0,0,0,0,0
502,昭和町,13,13,18,12,12,5,12,11,12,14,10,17,8,18,13,10,18,12,11,20,10,14,9,11,12,9,11,10,13,22,17,13,10,18,19,13,22,22,19,22,13,16,20,16,33,19,31,29,26,33,23,20,21,24,23,28,22,22,23,20,16,13,15,14,19,18,12,14,14,16,21,12,12,17,6,9,12,4,6,3,8,5,4,11,3,2,3,1,2,2,2,2,1,0,0,0,0,0,0,0,0
503,西花苑１丁目,0,0,1,0,1,4,1,1,5,0,3,5,3,2,2,1,5,3,1,3,5,2,2,6,4,4,3,3,1,4,1,2,1,3,1,2,3,1,3,5,4,4,4,4,5,4,4,5,12,7,4,11,3,6,6,7,5,7,2,4,3,4,1,6,3,6,5,7,8,8,3,6,7,3,2,5,8,3,7,4,2,3,6,3,2,1,2,0,0,0,2,2,2,0,1,0,0,0,0,0,0
504,西花苑２丁目,1,1,1,1,0,3,0,3,6,1,3,3,2,3,2,0,1,2,3,3,3,2,2,4,5,3,2,2,2,0,3,1,2,0,5,7,4,1,6,3,1,3,3,3,2,8,5,8,7,8,6,3,4,6,6,4,6,2,2,6,2,6,4,5,7,5,7,6,9,12,8,10,15,8,4,11,11,6,8,6,5,2,3,2,8,2,1,1,0,0,4,2,0,1,0,0,0,0,0,0,0
505,星陵町,0,0,0,0,0,0,0,0,0,0,0,0,0,0,0,0,0,0,0,0,2,1,1,0,1,5,4,1,1,2,0,0,1,0,0,1,0,0,0,0,1,0,0,0,0,0,0,0,0,1,0,0,0,0,0,0,0,0,0,0,0,0,1,0,0,0,1,0,1,1,0,0,0,0,0,0,0,0,0,0,0,0,0,0,0,0,0,0,0,0,0,0,0,0,0,0,0,0,0,0,0
506,高野原１丁目,3,8,18,9,10,13,13,8,10,6,17,7,8,4,0,13,5,3,13,2,5,0,2,1,0,2,2,1,3,2,6,8,7,10,7,8,6,10,10,13,14,7,16,14,4,3,8,9,7,6,9,6,6,2,6,4,3,4,3,4,2,1,3,1,5,1,2,4,3,7,0,2,1,1,2,0,1,2,1,1,2,0,1,1,0,1,1,1,0,0,1,0,0,0,0,0,0,0,0,0,0
507,高野原２丁目,1,3,1,2,2,5,2,2,9,3,4,8,6,9,12,12,5,13,7,11,5,3,6,2,6,4,1,1,2,2,2,1,3,1,5,3,3,5,5,2,7,7,4,4,9,9,14,7,10,10,7,6,7,8,7,8,6,1,2,3,6,1,2,2,4,0,3,1,1,3,3,2,2,1,1,3,1,2,1,0,0,0,1,1,0,0,1,1,0,0,0,0,0,0,0,0,0,0,0,0,0
508,高野原３丁目,3,5,7,5,7,4,3,10,4,9,2,12,6,5,9,10,9,9,6,6,6,4,1,2,2,1,1,0,3,1,3,0,6,2,2,6,6,7,5,9,9,10,6,5,13,12,12,6,10,7,5,5,8,2,8,6,6,6,4,4,4,2,2,2,2,1,2,2,4,2,1,9,3,3,2,2,5,0,1,1,0,0,3,0,1,0,0,0,0,0,0,1,0,1,1,0,0,0,0,0,0
509,高野原４丁目,3,1,6,3,6,1,8,1,2,3,6,4,7,1,3,8,12,7,3,8,5,7,3,2,7,4,1,2,1,1,0,4,1,0,3,2,4,4,7,6,8,7,6,5,5,7,7,4,9,6,9,5,9,9,4,4,8,5,3,1,4,4,1,2,2,0,1,0,1,5,6,1,0,4,3,0,1,2,2,0,2,1,0,0,0,0,1,0,0,0,1,0,0,0,0,0,0,0,0,0,0
510,高松１丁目,4,5,8,0,4,7,3,6,5,4,7,3,7,10,6,3,7,11,5,18,10,22,18,12,28,15,12,12,9,14,14,20,16,15,11,12,8,24,11,12,10,16,8,11,9,14,13,15,9,13,11,11,18,11,11,14,14,16,7,14,7,11,8,5,10,10,8,8,8,14,12,8,11,8,5,5,9,2,5,4,5,2,4,0,3,4,4,1,0,1,0,1,1,1,0,0,0,0,0,0,0
511,高松２丁目,7,12,3,6,6,7,8,7,4,7,5,1,4,7,5,10,4,7,6,6,1,2,4,7,10,8,9,11,15,9,8,10,16,8,9,11,15,7,13,5,15,12,9,8,11,15,13,15,13,11,12,9,8,7,11,10,10,11,11,8,8,8,9,9,4,5,9,8,5,12,5,6,5,4,5,3,5,2,2,4,4,2,1,2,4,4,5,1,1,2,1,0,0,0,0,0,0,0,0,0,0
512,高松３丁目,4,6,4,1,7,5,11,7,6,4,10,2,9,4,8,6,5,5,4,5,12,5,3,5,1,11,6,6,6,2,3,5,8,11,7,5,13,11,10,12,10,13,12,4,12,12,9,8,7,3,7,6,8,7,8,8,9,1,11,8,6,8,3,2,11,7,1,5,13,8,15,6,10,4,4,1,5,5,2,5,1,7,2,4,4,5,3,3,0,0,2,2,1,0,0,0,0,0,0,0,0
513,滝道,6,6,4,8,6,12,14,2,9,9,10,2,11,9,2,10,3,6,5,5,5,9,6,5,7,9,3,7,5,6,5,10,6,5,11,9,8,4,9,9,14,7,6,15,10,13,12,14,15,15,9,9,12,11,9,13,9,10,8,12,5,10,11,8,9,8,8,8,5,8,9,11,7,8,4,5,11,6,8,6,4,6,12,2,7,5,6,8,5,2,3,4,0,3,0,0,0,0,0,0,0
514,立町,4,8,9,6,7,5,2,5,5,1,8,6,4,9,5,4,4,8,7,12,18,29,30,29,26,29,18,18,19,20,21,18,19,11,18,17,24,12,15,21,16,23,18,22,22,23,18,19,12,16,19,19,25,17,13,14,20,10,7,15,6,22,7,13,15,13,8,21,17,15,14,15,15,7,4,7,9,4,5,3,6,4,2,5,3,3,4,4,3,3,4,3,0,4,1,2,0,0,1,0,0
515,台原１丁目,5,6,9,4,9,3,10,1,9,6,7,6,8,6,9,7,5,3,3,5,9,10,6,9,9,9,10,8,11,10,11,9,9,12,11,10,14,13,11,11,6,10,11,8,11,8,15,16,8,15,12,12,14,6,13,10,9,9,8,8,10,7,6,6,13,6,10,10,4,9,7,4,6,7,4,7,5,3,3,5,4,1,5,4,4,1,0,0,1,1,0,1,2,1,2,0,1,1,0,0,1
516,台原２丁目,4,2,4,0,3,1,2,1,1,2,3,3,4,2,3,3,4,6,3,5,2,3,6,8,8,5,11,11,7,7,4,8,6,7,1,10,5,10,6,2,7,3,6,5,11,6,5,7,11,9,8,4,5,5,6,9,5,5,7,3,6,11,5,11,5,6,8,9,4,9,8,6,5,1,3,2,7,3,7,2,0,2,4,2,3,2,3,0,1,3,2,2,1,1,0,1,0,1,0,0,0
517,台原３丁目,13,7,7,6,5,7,7,7,5,6,6,3,10,6,7,8,3,7,12,7,9,13,27,22,21,27,14,20,28,18,18,17,15,22,21,11,19,22,13,13,23,15,14,18,16,14,16,14,12,16,18,12,20,12,13,11,17,17,20,17,14,21,11,8,10,7,18,18,11,16,10,12,13,8,3,9,6,7,5,6,4,1,5,6,6,6,3,4,4,2,4,4,1,2,0,0,1,0,0,0,0
518,台原４丁目,3,3,1,4,2,6,1,3,4,4,6,2,3,3,4,2,3,2,6,5,4,5,7,5,5,11,12,7,10,13,7,12,11,7,4,7,5,12,7,17,9,13,5,8,10,6,11,9,8,6,4,8,7,5,7,3,10,3,6,7,8,9,11,5,9,7,6,10,5,6,8,9,11,4,2,3,5,3,7,5,3,2,3,2,2,5,0,2,0,2,1,2,2,0,0,0,1,0,0,0,1
519,台原５丁目,5,3,8,6,4,8,6,9,15,5,10,8,10,9,5,11,10,12,10,12,8,11,12,13,7,8,16,7,8,12,7,13,9,15,7,16,12,20,12,9,8,10,13,14,10,21,14,16,15,15,20,18,19,13,9,15,10,9,24,11,10,13,8,5,15,5,16,14,8,6,12,8,13,7,3,4,9,5,4,4,3,1,3,4,5,3,2,2,2,1,1,0,2,1,0,0,0,0,0,0,0
520,台原６丁目,5,0,4,6,3,5,4,6,9,7,5,2,6,6,9,5,5,3,7,9,9,4,10,5,8,9,10,9,9,15,10,9,13,7,6,11,8,7,6,10,6,4,1,12,8,13,9,7,12,12,7,5,10,7,11,7,13,6,6,7,6,8,8,3,6,3,2,1,8,7,6,3,7,4,4,2,5,0,4,1,3,0,3,1,1,0,1,1,3,0,1,0,2,0,2,0,0,1,0,1,0
521,台原７丁目,4,3,3,7,5,4,6,1,4,4,0,5,4,6,2,2,3,3,3,3,5,4,12,4,10,8,6,9,8,10,6,11,4,6,9,8,10,5,3,4,7,7,8,6,8,2,6,7,7,6,6,6,6,0,4,8,3,9,4,1,2,5,7,4,4,0,4,7,2,6,0,4,5,4,2,2,4,1,1,2,2,0,3,3,2,2,1,2,1,1,0,2,0,2,0,0,1,0,0,0,0
522,台原森林公園,0,1,1,0,0,2,1,0,1,1,0,6,1,5,1,0,2,2,2,2,1,2,2,1,0,0,1,1,1,0,2,0,0,2,0,0,0,0,1,0,3,0,1,5,1,2,3,4,6,5,4,0,6,3,4,5,2,1,4,8,4,1,2,3,1,4,2,3,2,0,3,2,1,1,0,1,1,2,1,1,0,0,2,1,0,1,0,0,0,0,1,0,0,0,0,0,0,0,0,0,0
523,中央１丁目,0,1,0,0,0,0,0,0,0,0,0,0,0,0,0,0,0,0,0,0,0,0,0,1,1,1,0,0,0,0,0,2,0,1,0,0,0,0,0,0,0,0,0,0,0,0,1,0,1,0,0,0,1,0,1,1,1,0,1,0,0,0,1,0,0,0,1,0,0,0,0,0,0,0,0,0,0,0,1,0,0,0,0,0,0,0,0,0,0,0,0,0,0,0,0,0,0,0,0,0,0
524,中央２丁目,1,0,0,0,0,0,0,0,0,1,0,0,0,0,0,0,0,0,2,0,0,0,2,0,1,0,0,0,0,0,1,0,1,0,1,0,1,0,1,0,0,0,1,0,1,1,0,0,0,1,0,1,2,1,0,0,1,0,1,0,2,0,0,0,1,2,0,0,1,0,1,0,0,0,1,0,1,0,1,1,1,0,1,0,1,1,1,0,0,0,0,1,0,1,0,0,0,0,0,0,0
525,中央３丁目,0,0,0,0,0,0,0,0,0,0,0,0,0,0,0,0,0,1,0,1,0,0,1,0,0,1,0,0,0,0,0,0,0,0,0,0,0,0,0,0,0,0,0,0,0,0,1,0,0,1,1,1,0,1,1,3,1,2,0,1,0,0,1,0,1,1,0,0,1,1,1,0,1,0,0,1,0,1,1,0,0,0,0,1,0,0,1,0,0,0,0,0,0,0,0,0,0,0,0,0,0
526,中央４丁目,2,4,7,2,3,3,2,1,1,2,2,2,1,2,2,0,0,3,2,4,4,3,3,2,4,2,6,2,6,1,6,5,6,6,8,14,6,8,4,8,4,3,5,3,4,3,7,6,2,6,0,7,8,4,3,3,5,5,3,3,2,2,5,1,3,3,2,2,2,2,0,2,2,1,4,1,1,2,1,2,4,1,2,3,2,2,1,1,0,0,0,0,0,0,0,0,0,0,0,0,0
527,千代田町,2,1,3,0,1,1,0,3,1,2,1,2,1,3,1,2,2,2,4,3,15,14,8,9,6,4,5,6,6,5,3,4,5,3,1,9,4,5,7,3,7,4,4,4,3,0,4,2,3,0,4,5,7,3,1,1,5,7,3,2,4,5,5,3,4,6,10,2,9,6,4,5,5,1,3,1,5,1,2,2,3,1,4,4,0,2,0,1,2,1,1,0,1,2,0,0,0,0,0,0,1
528,土樋１丁目,2,7,5,5,2,7,3,7,7,3,4,4,6,2,3,5,5,8,7,7,10,14,14,10,15,17,13,11,17,10,13,18,9,11,8,13,12,5,16,7,14,5,15,13,16,9,14,10,8,10,6,6,9,7,13,14,11,10,12,7,8,6,12,10,7,6,6,11,9,8,11,7,14,5,4,3,6,4,3,1,1,3,2,5,3,0,1,3,1,0,2,3,0,0,0,0,0,0,0,0,0
529,堤通雨宮町,18,7,20,17,14,15,10,13,11,16,13,13,17,11,14,6,11,13,10,11,16,11,5,10,8,7,13,9,10,21,13,15,19,16,20,14,17,26,7,30,21,20,25,24,19,20,20,27,16,11,21,14,18,12,20,13,8,20,16,15,25,19,10,6,17,12,13,17,11,5,12,9,4,11,5,2,8,4,5,8,5,4,5,6,7,2,3,2,7,5,3,1,2,1,0,0,1,0,0,0,0
530,堤町１丁目,1,4,3,2,6,10,4,3,6,11,3,3,7,9,2,4,1,9,6,10,8,2,6,5,4,7,12,9,10,11,6,6,5,12,7,10,8,6,12,12,9,11,16,6,11,12,6,10,14,20,12,10,13,12,10,10,11,5,7,8,7,6,7,12,5,13,6,8,13,3,5,5,8,8,1,3,6,7,6,1,4,4,7,3,1,1,3,1,2,1,2,1,0,0,0,1,0,0,1,0,0
531,堤町２丁目,5,0,2,6,2,5,0,7,4,10,3,3,2,5,1,5,1,3,5,2,9,9,11,12,10,18,10,14,15,9,1,9,10,4,10,8,6,9,8,5,7,8,14,6,5,10,5,7,13,6,1,5,9,8,7,8,3,2,9,3,4,8,4,10,5,2,6,4,8,10,6,6,11,2,3,6,4,3,4,3,7,7,3,2,1,5,3,0,5,2,2,3,1,1,0,1,0,0,0,0,0
532,堤町３丁目,4,8,2,0,7,2,2,5,5,2,5,2,1,4,0,2,3,6,2,2,6,3,8,2,7,8,7,9,8,7,11,8,11,8,9,6,10,5,9,6,11,1,7,12,5,5,10,1,10,4,3,5,5,5,5,8,7,2,5,3,3,4,4,6,4,1,6,6,6,9,6,3,9,7,5,6,6,4,4,5,8,3,1,5,0,3,2,2,1,0,4,1,0,4,1,1,0,0,0,0,0
533,角五郎１丁目,2,3,6,5,9,5,2,6,8,6,13,10,10,7,2,10,4,11,7,19,18,18,19,12,5,7,8,7,8,3,8,3,10,5,11,7,7,8,5,9,5,7,13,6,8,8,13,11,11,5,11,6,12,8,3,4,5,7,8,7,7,8,7,7,6,4,4,8,4,2,6,4,3,6,3,2,1,4,1,2,5,2,0,0,1,1,0,3,2,1,0,0,1,0,1,1,0,0,0,0,0
534,角五郎２丁目,5,2,8,1,5,5,9,4,9,7,11,9,4,4,7,4,9,3,3,15,20,31,16,24,6,4,4,2,7,9,7,8,4,4,4,7,3,9,8,8,9,9,10,8,9,12,7,9,11,10,15,9,8,6,8,10,10,10,4,6,3,3,11,8,7,6,6,8,7,5,4,6,4,1,2,1,3,4,5,3,2,2,1,1,1,3,2,1,0,1,0,0,0,0,2,1,0,0,0,0,0
535,東照宮１丁目,8,8,10,8,10,8,10,6,6,4,4,8,4,6,6,3,10,7,8,6,3,6,6,8,7,0,4,3,3,7,12,10,13,14,19,10,14,12,7,9,15,11,14,12,14,16,13,12,6,13,13,16,12,13,9,11,8,18,3,7,13,7,9,15,9,15,14,13,9,21,15,16,9,12,8,6,6,5,4,7,7,8,6,5,6,2,1,0,2,3,2,0,1,0,0,1,1,0,1,0,0
536,東照宮２丁目,3,2,4,3,0,0,0,1,0,1,2,1,0,0,1,1,1,0,1,1,1,5,1,1,1,2,3,4,3,3,3,2,3,2,4,1,1,1,0,1,2,2,1,1,2,1,0,1,0,2,0,1,4,1,2,1,2,1,1,6,2,2,3,1,2,0,2,1,1,3,1,1,4,1,0,1,3,1,0,1,0,1,1,0,2,1,2,0,0,1,0,2,0,0,0,1,0,0,0,0,0
537,通町１丁目,5,9,6,10,6,3,7,6,4,9,6,3,6,7,1,6,6,9,7,5,9,11,5,5,6,10,8,9,8,8,7,12,13,12,5,9,11,12,14,14,7,11,12,14,14,10,11,9,9,8,14,5,9,10,15,13,8,5,6,8,10,7,7,10,4,11,11,8,9,5,9,7,6,2,5,7,4,3,9,4,0,2,1,7,5,2,0,2,0,3,1,3,1,2,1,0,0,0,0,1,0
538,通町２丁目,11,3,3,5,4,5,3,0,2,5,1,3,5,4,3,2,4,9,3,2,6,6,14,21,17,17,17,7,13,10,14,11,11,9,15,14,12,12,8,11,11,6,11,10,6,14,8,12,11,4,8,7,11,6,5,13,7,9,4,4,7,0,3,5,6,8,4,6,3,6,4,7,7,8,5,3,4,1,0,4,4,4,2,2,2,3,0,2,1,0,2,1,2,0,1,0,0,0,0,0,0
539,中江１丁目,3,3,9,2,5,9,6,3,7,7,10,10,7,5,4,4,4,2,5,4,4,8,10,5,6,3,8,2,5,7,4,7,9,6,3,3,7,8,8,9,8,12,6,12,4,5,10,11,11,10,11,2,7,8,2,4,6,8,4,4,7,7,4,4,6,6,9,5,7,6,14,7,15,8,9,9,10,14,8,6,3,4,5,0,1,7,1,5,3,3,1,0,0,0,1,3,0,0,0,0,0
540,中江２丁目,3,2,2,10,6,6,7,4,12,9,8,6,8,1,5,5,5,4,8,7,5,8,5,4,10,11,4,12,11,6,7,15,3,9,8,9,9,11,13,9,12,10,12,11,10,9,11,15,10,10,12,11,6,11,7,15,11,17,6,13,12,4,9,11,8,2,3,17,5,14,9,10,12,5,1,6,10,4,3,6,3,3,1,5,3,0,3,4,1,0,2,2,1,0,0,0,0,0,0,0,0
541,中山１丁目,3,6,4,6,7,3,7,7,6,4,6,5,3,4,3,3,8,4,5,8,10,2,8,6,9,7,6,8,5,5,3,8,4,8,5,11,7,7,6,8,6,5,3,5,10,8,8,12,8,8,6,9,10,11,7,10,7,7,13,3,7,3,10,7,8,7,9,4,4,5,5,6,6,3,3,3,4,7,5,7,6,7,4,1,7,0,5,2,3,2,1,3,0,0,0,1,1,0,0,0,0
542,中山２丁目,4,7,4,8,7,4,3,7,7,8,9,4,4,3,2,2,4,0,6,4,2,5,2,8,6,3,5,7,7,4,6,18,11,7,7,8,6,12,6,5,5,6,8,17,9,10,15,6,9,9,9,7,15,7,8,10,8,8,11,8,5,3,11,7,10,8,12,5,10,9,8,9,12,12,7,7,4,11,11,7,8,5,7,2,3,6,4,8,5,2,5,5,0,1,2,1,1,1,0,0,0
543,中山３丁目,0,2,3,0,0,1,2,2,5,2,4,3,4,6,3,4,4,3,0,3,2,3,3,1,3,3,2,2,4,2,4,5,1,5,1,2,2,6,3,2,6,3,5,3,2,8,6,5,10,3,5,0,2,4,6,7,2,3,5,2,2,4,1,1,2,4,1,5,1,2,8,3,4,4,0,5,7,6,7,4,5,9,3,5,6,2,2,2,2,2,2,0,0,0,0,0,0,0,0,0,0
544,中山４丁目,5,10,7,8,10,7,9,7,9,15,7,11,12,10,11,18,16,13,14,19,18,15,9,9,10,12,6,7,8,7,7,10,4,16,12,11,19,12,14,11,10,18,21,17,16,17,17,18,24,22,23,23,31,22,24,22,30,16,18,18,16,23,23,19,9,13,14,7,13,9,15,16,13,4,6,7,7,10,9,5,5,5,4,2,11,2,2,7,1,2,2,0,2,1,0,0,0,0,0,0,0
545,中山５丁目,7,5,4,5,5,7,8,8,2,2,3,6,9,4,8,4,5,5,11,2,4,6,9,7,11,8,10,2,7,4,8,8,7,9,7,10,6,3,10,7,13,10,5,11,8,12,10,4,13,16,9,14,9,4,7,7,9,10,8,7,6,3,2,4,10,3,7,6,6,4,3,7,4,4,5,6,5,4,6,6,4,4,2,2,4,8,3,6,4,1,4,0,0,1,1,1,0,0,0,0,0
546,中山６丁目,3,4,4,3,3,5,5,6,3,3,4,6,5,10,3,3,8,5,7,5,5,7,3,3,14,11,7,6,5,5,7,8,8,7,5,6,8,7,5,3,6,8,8,7,5,8,9,4,4,10,6,9,15,10,8,10,4,8,7,8,5,7,7,6,5,4,5,3,6,5,5,9,3,5,3,11,5,8,2,1,10,7,7,5,9,5,3,3,1,5,2,3,2,0,0,1,0,0,0,0,0
547,中山７丁目,5,6,11,7,13,6,5,7,6,6,8,6,6,4,1,2,5,2,5,7,6,6,4,3,1,5,7,6,7,5,12,3,10,12,9,13,8,7,8,9,14,6,9,8,7,8,8,8,12,6,5,6,12,5,4,8,7,4,4,5,4,4,4,2,5,2,6,3,4,5,5,3,3,2,0,4,3,6,2,5,3,1,6,4,1,3,2,5,3,0,1,1,0,0,1,0,0,0,0,0,0
548,中山８丁目,9,5,13,7,11,6,6,11,5,12,7,7,7,8,11,6,9,12,8,16,8,10,7,11,7,3,5,7,5,1,7,5,7,14,6,10,7,5,7,12,7,12,12,15,13,14,19,19,13,14,22,8,10,11,9,12,12,10,10,8,10,6,8,12,7,6,3,2,3,6,9,7,8,14,9,9,8,11,6,3,6,5,4,5,5,6,2,3,1,3,3,0,0,0,3,0,0,0,0,0,0
549,中山９丁目,1,1,0,2,4,2,5,3,7,1,5,6,5,4,3,2,3,4,5,2,1,4,3,4,3,5,6,3,3,2,1,3,4,0,2,7,5,4,6,4,7,8,9,2,11,8,11,14,5,6,4,6,5,4,3,4,4,1,4,4,3,4,5,1,4,6,5,5,3,6,8,4,9,5,7,3,8,4,8,3,4,5,4,2,3,3,3,4,6,1,2,1,0,0,0,0,0,0,0,0,0
550,中山台１丁目,1,0,0,0,3,2,0,1,4,1,2,1,4,1,2,4,1,2,1,8,4,2,1,1,1,2,1,1,6,1,3,1,2,3,1,3,3,2,4,5,3,3,5,7,4,1,4,4,3,2,2,7,2,2,3,5,1,1,3,6,4,4,3,2,4,2,4,6,3,2,8,6,4,1,3,0,2,3,1,1,2,2,0,1,1,1,0,0,0,0,0,0,0,0,0,0,0,0,0,0,0
551,中山台２丁目,0,3,2,1,1,3,3,3,4,5,6,5,0,1,10,2,4,7,1,7,8,8,8,7,8,8,3,7,5,2,4,2,2,6,4,4,2,5,5,5,2,5,9,8,4,3,6,6,13,11,7,9,14,7,6,7,12,14,7,10,9,7,11,9,11,8,7,11,9,10,9,12,12,9,8,7,7,1,8,3,5,6,1,0,2,0,1,1,4,0,1,0,1,0,0,1,0,0,0,0,1
552,中山台３丁目,0,3,1,2,0,0,0,2,0,0,2,0,0,2,2,1,3,4,4,2,4,4,0,6,1,2,2,2,1,1,2,3,3,1,1,5,3,5,1,2,3,3,2,4,1,6,4,2,8,5,3,5,3,1,0,3,6,6,4,4,6,7,6,8,8,6,9,7,4,9,6,10,6,5,1,7,8,4,6,3,3,0,1,0,1,1,1,0,0,0,0,0,0,0,0,0,0,0,0,0,0
553,中山台４丁目,0,3,4,3,2,4,2,0,1,4,2,3,1,3,4,2,1,2,1,2,2,0,4,0,2,2,1,3,1,2,3,5,1,7,4,4,3,3,2,2,1,6,0,2,4,2,4,3,7,4,2,2,3,3,3,4,5,3,6,4,3,2,4,8,8,3,8,8,10,6,7,3,2,1,4,3,5,1,1,2,1,1,0,1,1,4,0,0,0,1,0,0,0,0,0,0,0,0,0,0,0
554,中山台西,2,1,3,0,2,6,4,5,2,3,6,4,6,8,5,1,2,4,3,8,5,0,7,1,1,2,3,0,4,2,1,2,1,5,1,1,3,0,2,4,4,2,5,3,2,4,5,6,6,6,8,14,12,7,1,4,2,2,1,4,3,1,0,1,3,2,1,2,2,0,1,2,2,0,0,1,3,1,0,2,0,0,1,0,0,0,0,0,0,0,0,0,0,0,0,0,0,0,0,0,0
555,中山吉成１丁目,2,4,3,4,6,2,4,3,5,2,6,2,7,4,4,3,6,0,1,2,2,7,3,7,3,1,2,0,2,3,2,6,6,7,6,7,4,4,3,7,4,10,6,6,8,5,4,6,14,5,10,9,2,3,6,2,5,7,4,4,7,4,4,5,3,4,4,6,4,9,4,15,5,6,1,6,2,9,6,4,5,8,2,6,1,5,1,0,3,0,1,1,0,1,3,0,0,0,0,0,1
556,中山吉成２丁目,1,4,4,3,3,6,3,6,3,3,6,2,6,3,4,1,1,5,1,6,9,1,5,2,3,1,3,4,3,3,2,12,2,3,2,5,6,5,6,4,4,10,4,6,5,8,5,5,3,5,4,10,5,1,6,1,3,4,6,4,3,5,2,2,2,2,3,2,5,5,6,8,4,6,5,2,6,4,6,2,5,8,4,1,2,1,3,3,1,4,3,2,2,0,1,0,0,0,0,0,0
557,中山吉成３丁目,0,1,0,2,1,2,0,0,2,1,1,2,1,1,1,0,5,1,0,2,1,3,2,0,3,0,1,0,1,2,1,1,3,3,2,0,2,1,3,1,3,1,1,5,3,6,3,4,3,1,0,4,4,0,4,4,0,1,2,1,1,0,1,0,1,1,2,0,0,4,4,2,5,1,3,7,1,4,6,4,4,5,1,2,2,0,3,0,3,1,0,0,0,0,0,0,0,0,0,0,0
558,新坂町,1,4,4,6,0,6,1,3,2,2,3,4,2,7,3,3,1,2,8,2,10,6,9,12,4,11,7,9,5,3,7,8,12,4,5,7,12,5,6,4,5,4,4,4,7,4,4,7,7,10,3,4,4,4,7,7,3,3,6,3,1,4,3,2,4,3,3,3,5,5,3,5,8,5,0,3,2,3,2,5,3,0,6,3,1,1,2,1,2,2,0,0,0,2,1,0,1,0,0,0,0
559,西勝山,7,8,6,9,5,12,8,10,11,2,10,7,9,10,7,10,17,11,8,8,12,8,8,10,10,5,8,3,12,4,12,7,8,10,5,11,12,14,20,12,17,17,15,14,10,8,18,16,15,17,12,9,15,12,13,14,14,15,12,15,10,15,13,15,9,16,12,9,16,13,12,21,15,19,7,13,10,12,10,13,14,12,13,13,9,12,12,5,4,2,1,4,3,1,3,2,1,1,2,0,0
560,錦ケ丘１丁目,6,11,6,7,7,5,7,6,5,11,2,4,4,2,3,1,1,1,1,2,1,0,0,1,1,2,1,1,2,2,3,3,4,8,7,10,6,7,2,6,11,5,5,6,2,6,4,2,4,6,3,3,4,2,0,2,2,5,2,0,2,3,3,1,4,3,2,4,3,3,6,2,6,1,4,1,4,1,4,0,1,2,0,1,0,1,0,2,0,1,0,0,1,0,0,0,0,0,0,0,0
561,錦ケ丘２丁目,1,1,2,0,0,2,4,4,1,4,5,6,7,9,10,8,7,9,9,8,5,11,2,3,0,1,0,0,0,0,1,1,0,0,2,1,0,0,2,2,1,4,3,5,6,7,18,17,9,9,4,8,4,7,8,4,4,5,2,2,2,1,2,5,4,5,1,1,1,2,1,2,7,3,2,0,2,1,4,0,1,1,0,1,1,1,0,0,0,0,0,0,0,0,1,0,0,0,0,0,0
562,錦ケ丘３丁目,3,6,12,14,18,15,30,31,28,33,30,27,20,15,18,13,10,13,2,6,1,2,1,1,0,3,1,1,1,1,1,1,1,2,6,5,14,16,36,12,28,25,34,26,34,22,15,14,9,19,10,9,8,3,3,5,3,1,1,1,4,2,4,0,4,1,5,5,2,4,5,3,0,1,0,1,3,2,0,1,0,0,0,0,1,0,1,0,0,0,0,2,0,0,0,1,0,0,0,0,0
563,錦ケ丘４丁目,15,13,28,23,34,18,21,26,15,15,11,8,9,4,2,5,3,0,0,1,1,0,0,0,0,0,4,3,3,3,5,12,13,15,22,21,25,25,19,20,20,9,14,13,8,9,5,2,6,3,2,1,1,3,0,2,0,2,0,1,0,3,1,0,1,2,1,1,1,1,0,0,1,1,0,3,0,1,0,1,0,0,0,0,0,0,0,0,0,0,0,0,0,0,0,0,0,0,0,0,0
564,錦ケ丘５丁目,6,4,14,4,10,10,9,10,10,12,6,8,16,10,6,12,11,16,6,6,12,2,8,4,1,4,4,4,3,9,4,10,5,4,13,4,6,9,8,10,10,9,10,16,7,12,13,22,12,15,10,13,7,5,9,8,6,7,10,4,6,3,4,5,3,2,4,5,3,7,7,8,5,5,4,6,8,4,4,1,2,1,2,2,1,0,0,1,2,1,1,0,0,0,0,0,0,0,0,0,0
565,錦ケ丘６丁目,3,7,4,7,4,8,10,5,8,10,5,8,8,4,4,6,7,15,5,12,5,4,4,6,3,3,3,1,1,2,4,4,3,3,12,7,5,15,6,10,5,2,11,9,10,13,10,5,8,13,8,9,9,3,11,4,3,6,5,6,5,3,2,6,3,5,6,3,3,5,8,5,7,9,2,5,5,4,8,3,4,7,0,0,1,0,1,1,0,0,1,0,1,0,0,0,1,0,0,0,0
566,錦ケ丘７丁目,0,3,1,4,3,2,2,7,3,7,3,7,3,8,5,4,7,2,7,1,0,3,1,2,1,1,1,1,0,2,3,1,3,3,4,1,4,1,3,6,3,4,3,5,3,6,2,6,3,4,4,4,4,0,5,3,3,1,7,1,1,3,4,1,7,4,4,2,1,2,5,2,4,1,1,3,3,1,1,2,1,1,1,1,1,2,2,1,1,0,0,0,1,0,0,0,0,0,0,0,1
567,錦ケ丘８丁目,2,3,1,4,2,10,6,6,7,15,16,24,27,25,23,28,22,28,14,11,11,1,6,3,5,1,2,3,2,3,4,1,1,0,2,0,5,3,7,7,8,19,10,15,32,30,31,23,16,19,17,10,13,15,14,6,7,11,7,0,4,3,5,2,3,2,0,4,3,8,5,4,5,3,3,2,2,3,2,0,1,2,1,1,3,0,1,0,0,0,0,0,1,0,0,0,0,0,0,0,1
568,錦ケ丘９丁目,0,1,0,2,0,1,3,6,1,5,6,11,7,8,11,7,9,7,10,3,1,1,3,1,2,1,0,0,1,0,0,2,1,2,0,1,0,1,1,3,6,10,4,10,9,11,5,6,6,9,3,8,7,2,2,3,1,2,4,2,1,2,1,1,0,0,0,0,2,3,0,1,0,0,0,0,0,0,0,0,0,0,2,0,0,1,0,0,1,0,0,0,0,0,0,0,0,0,0,0,0
569,錦町１丁目,6,6,10,6,9,8,9,10,3,10,14,9,6,8,4,8,5,3,7,11,6,7,9,11,10,10,11,10,11,11,16,10,13,10,11,14,18,15,8,15,18,17,24,18,14,16,19,17,15,12,18,12,20,10,15,11,9,3,7,5,8,7,10,7,7,8,9,4,4,7,8,14,7,14,7,1,5,5,3,4,4,4,3,7,5,1,2,0,4,2,0,0,2,2,1,0,0,0,0,0,0
570,錦町２丁目,4,6,9,2,6,5,4,6,2,7,6,3,1,5,3,1,3,4,1,5,4,8,5,5,5,12,13,11,11,7,17,15,12,9,14,15,16,14,11,7,9,9,10,10,7,6,6,11,9,9,6,11,7,5,4,8,7,6,7,6,1,4,4,3,4,4,10,3,7,4,5,3,0,2,2,3,0,4,2,1,0,2,2,4,1,1,1,2,1,2,2,1,0,0,0,1,0,0,0,0,0
590,新川,0,0,0,0,0,0,0,0,2,2,2,0,0,0,0,0,0,0,2,2,0,2,3,0,1,0,1,0,0,0,0,3,0,2,1,0,5,1,0,0,4,0,0,4,1,0,3,3,6,2,4,4,7,1,2,1,6,1,5,3,2,7,1,4,2,5,3,6,5,4,3,2,3,2,1,2,3,5,4,2,2,4,3,4,3,1,2,0,3,0,0,0,0,0,0,0,0,0,0,0,0
591,支倉町,11,4,7,5,8,11,4,3,8,10,2,10,6,14,9,11,10,9,15,26,20,9,15,7,8,11,8,4,10,10,17,9,8,14,11,12,9,13,7,9,6,9,7,12,15,10,15,17,9,18,11,14,18,16,20,11,10,12,14,9,8,8,12,11,5,12,10,15,4,16,4,6,14,7,4,7,10,6,3,5,2,3,2,1,1,2,0,1,0,0,4,1,2,1,1,0,0,0,0,0,0
592,八幡１丁目,5,5,0,3,7,6,5,19,4,9,7,9,5,6,3,2,1,9,7,12,25,12,10,7,10,6,5,4,6,5,3,8,4,6,7,10,10,9,7,8,11,13,11,15,17,9,13,5,5,5,4,3,11,10,9,10,7,8,7,6,9,8,10,6,7,2,5,11,5,9,8,10,6,8,1,5,0,2,5,3,1,0,2,2,2,3,5,0,1,1,1,1,1,1,0,0,0,0,0,0,0
593,八幡２丁目,3,3,4,4,3,6,5,4,7,7,5,6,5,8,10,10,7,4,10,14,31,27,20,20,14,13,7,12,8,9,11,10,10,15,14,8,7,4,2,8,9,12,6,9,15,8,9,9,8,7,9,6,8,9,5,14,11,6,12,5,4,10,5,4,6,6,10,8,3,8,2,9,9,6,7,2,8,6,7,3,1,4,6,2,7,7,2,1,3,3,2,0,1,2,1,1,0,0,0,0,0
594,八幡３丁目,5,4,6,6,3,4,4,3,5,4,7,4,7,6,4,5,5,8,12,31,29,37,30,33,19,23,13,16,12,12,16,6,14,7,11,10,7,9,12,8,8,6,9,14,13,7,17,10,7,12,9,10,16,11,13,8,11,19,11,16,11,9,8,14,11,14,11,8,9,12,10,14,13,16,1,7,7,6,4,5,2,8,3,5,4,1,3,1,5,3,1,4,2,1,2,0,0,0,0,1,1
595,八幡４丁目,1,5,4,3,2,2,2,5,3,8,6,4,4,7,6,5,7,3,7,13,24,18,16,22,20,12,11,8,9,9,6,3,9,8,7,7,8,9,4,6,8,5,4,12,10,9,11,7,10,4,10,7,14,10,4,10,10,5,7,13,7,7,8,4,7,9,4,7,9,8,6,7,13,7,2,11,5,1,11,3,3,6,3,2,4,4,4,1,1,2,2,2,0,1,2,0,0,0,0,0,0
596,八幡５丁目,2,4,4,3,0,0,2,2,4,4,3,5,0,1,3,2,1,2,4,4,10,6,6,6,2,1,6,6,4,3,8,1,2,3,4,1,4,4,2,3,4,4,3,2,4,3,5,6,6,6,4,3,5,5,3,2,9,4,3,2,3,4,3,3,8,3,5,4,2,4,4,7,5,4,0,2,3,3,4,1,6,3,5,3,5,2,6,4,1,0,0,0,1,0,0,0,0,0,0,0,0
597,八幡６丁目,1,1,2,2,1,0,1,1,2,1,0,4,4,1,3,2,2,1,2,2,4,3,3,4,6,2,0,2,3,1,3,6,5,1,9,4,4,3,9,3,4,5,9,5,5,4,6,8,10,3,10,5,8,9,4,7,1,4,6,6,4,7,1,7,5,4,5,3,2,4,11,11,4,8,4,6,3,6,2,3,2,0,6,4,3,4,1,1,1,3,0,5,1,0,0,1,0,0,0,0,0
598,八幡７丁目,2,2,1,1,0,2,3,4,3,7,2,2,2,2,0,3,5,1,1,2,3,3,2,2,2,3,1,4,4,3,2,4,3,2,3,4,4,3,2,0,3,6,6,3,5,3,3,6,6,4,2,5,5,13,5,4,2,4,7,8,5,6,5,6,6,4,4,3,8,3,7,8,5,3,5,3,4,2,2,2,3,1,1,2,1,2,1,3,1,0,0,0,0,0,0,0,0,0,0,0,0
599,葉山町,5,1,8,3,2,4,5,2,2,4,3,2,4,5,11,5,6,9,13,10,8,9,11,8,13,10,16,7,11,13,14,11,7,11,7,11,4,12,5,12,7,14,7,6,13,9,7,14,14,14,12,18,12,12,16,7,15,6,8,6,4,4,6,6,13,11,6,13,16,12,14,7,12,9,9,3,4,8,7,11,3,5,6,5,2,4,4,5,4,1,1,3,0,0,0,2,0,0,0,0,0
600,東勝山１丁目,1,4,1,4,3,3,3,4,4,3,1,4,3,2,2,4,2,3,4,0,1,1,13,26,19,6,7,3,2,4,3,2,3,3,1,4,4,4,3,1,4,7,2,4,4,5,5,7,3,4,8,5,3,6,4,0,3,4,5,3,5,0,6,2,1,2,2,5,6,1,4,4,2,2,1,3,7,5,4,5,2,2,0,1,1,1,3,3,4,0,1,0,0,0,0,0,0,0,0,1,0
601,東勝山２丁目,3,8,4,2,5,7,7,6,2,4,3,4,4,4,2,3,3,7,5,5,5,5,5,3,2,4,5,10,5,6,7,2,2,6,3,6,4,8,8,1,12,3,7,6,4,12,9,9,12,10,4,4,4,6,13,11,7,2,10,4,8,10,7,9,5,8,7,6,5,8,6,5,5,1,6,10,4,5,6,8,4,5,4,10,4,5,7,5,3,2,1,0,1,1,1,0,2,1,0,0,0
602,東勝山３丁目,1,3,1,3,5,3,5,4,4,7,4,2,4,3,4,6,3,3,8,5,2,5,5,2,5,7,5,2,1,5,8,3,5,5,4,6,5,6,4,6,7,6,8,6,8,6,11,11,8,4,6,9,7,5,8,9,8,7,5,5,4,7,15,6,5,6,2,4,4,3,12,6,12,4,2,6,7,8,10,7,10,3,9,3,4,3,5,4,5,4,3,4,3,3,0,0,0,0,0,1,0
603,広瀬町,12,18,15,9,11,11,15,15,7,7,13,6,9,7,19,7,4,11,6,12,18,13,22,16,7,19,13,10,11,8,12,6,18,9,15,17,12,19,17,9,16,13,14,23,13,14,16,21,16,16,8,11,12,12,13,20,16,15,13,20,13,12,19,10,5,11,18,14,10,10,8,12,7,9,9,4,7,4,9,6,4,5,2,8,2,4,2,2,1,1,2,1,3,2,0,0,0,1,0,0,0
604,福沢町,5,2,7,2,8,1,4,3,5,4,4,3,5,4,4,1,2,7,9,5,5,8,4,9,13,8,7,8,8,9,8,13,12,8,8,4,10,10,11,7,12,8,12,3,7,16,11,8,7,11,5,9,2,10,7,5,6,4,8,8,5,2,8,4,6,4,4,6,6,7,7,8,7,4,4,3,7,4,6,4,1,0,2,3,2,0,4,0,3,1,3,1,0,2,0,0,0,0,0,0,0
605,藤松,2,3,4,1,2,1,2,3,4,1,1,1,3,1,3,1,4,0,2,0,1,0,3,4,3,1,5,5,4,4,4,1,2,3,0,6,3,5,5,7,3,5,6,4,2,4,4,4,7,5,5,3,2,0,4,7,2,3,6,4,3,3,2,4,3,4,4,2,6,5,10,2,6,5,5,3,6,6,3,4,4,0,3,0,1,1,3,2,0,1,1,1,2,0,0,0,1,0,0,0,0
606,双葉ケ丘１丁目,4,3,6,3,7,5,8,6,5,7,4,4,3,8,4,11,9,6,13,5,6,11,9,12,5,4,4,5,3,5,8,8,5,8,7,7,17,9,11,8,8,9,4,8,13,10,20,7,20,16,10,7,16,12,14,13,9,10,12,15,14,10,7,6,8,9,8,7,3,6,9,10,9,6,2,8,5,7,5,8,5,4,9,4,3,2,2,5,3,7,1,3,1,1,2,0,1,0,0,0,0
607,双葉ケ丘２丁目,2,1,2,0,2,1,2,0,1,1,0,1,3,3,3,0,1,2,3,1,0,1,0,0,1,0,0,0,0,0,1,0,1,1,4,0,1,1,3,3,1,1,1,3,4,2,2,2,4,5,1,4,2,5,2,2,0,2,3,1,0,3,2,3,0,1,2,2,1,4,2,3,1,3,2,3,1,3,5,5,3,3,3,2,1,4,2,0,1,2,0,1,0,0,0,0,0,0,0,0,0
608,二日町,14,3,8,16,7,9,10,13,8,6,9,8,6,2,7,6,7,9,6,4,9,9,12,10,16,22,10,11,30,14,15,30,15,23,16,22,13,17,14,25,19,16,10,22,34,21,30,21,20,15,19,20,13,18,10,8,16,11,11,11,6,8,11,11,10,8,17,15,12,17,11,14,11,10,5,8,3,5,7,4,2,5,2,4,3,2,3,5,0,0,1,2,0,0,0,0,0,0,0,0,0
609,本町１丁目,4,4,3,2,2,3,2,7,1,0,2,2,2,2,0,2,0,2,4,4,3,7,3,15,11,12,17,11,11,9,11,8,14,6,10,9,14,8,11,9,7,13,9,15,13,6,12,5,12,5,10,11,9,5,8,5,9,10,8,7,4,4,5,4,4,7,1,4,4,6,5,5,6,4,3,7,2,5,4,0,1,2,2,0,7,1,1,1,1,0,1,2,0,0,0,0,0,0,0,0,0
610,本町２丁目,3,0,3,2,0,1,1,0,0,0,0,0,1,0,1,0,0,2,0,0,1,7,2,3,3,3,1,3,2,5,0,1,4,6,5,3,0,4,5,5,3,5,4,3,4,2,4,3,2,4,5,2,1,4,2,3,3,1,1,1,7,4,2,1,2,4,3,0,0,1,0,3,3,0,1,1,1,0,4,1,2,0,2,1,0,0,3,1,0,1,0,0,0,0,0,0,0,0,0,0,0
611,本町３丁目,3,5,3,1,3,2,6,2,3,1,2,4,3,1,0,3,1,1,1,3,1,0,0,0,0,0,0,5,0,2,4,2,5,1,4,3,5,5,3,5,4,4,1,7,5,6,2,5,6,5,3,5,4,3,6,2,2,4,0,2,1,1,3,0,1,0,2,2,1,3,2,1,1,0,0,0,2,2,1,1,0,0,0,0,0,1,0,1,0,1,0,0,0,0,0,0,0,0,0,0,0
612,水の森１丁目,3,4,5,4,1,1,4,3,3,2,4,4,3,1,1,3,3,3,7,2,4,3,6,3,6,7,5,5,12,4,6,9,11,5,5,5,3,4,6,1,9,7,10,7,7,7,8,9,7,6,13,8,7,5,9,5,8,11,9,7,8,7,6,4,6,5,4,3,6,8,3,4,5,3,2,7,3,2,2,2,4,5,3,3,1,5,1,3,3,3,6,2,1,3,1,1,0,0,0,0,0
613,水の森２丁目,6,3,9,5,7,4,9,7,0,2,0,5,8,3,4,6,2,3,4,4,6,1,2,6,5,3,2,7,3,3,5,5,6,6,11,4,5,8,9,6,8,7,7,9,11,6,7,5,4,9,4,14,3,8,10,5,3,4,4,6,8,2,4,3,7,5,9,8,4,7,11,11,14,9,2,6,7,8,5,5,4,2,7,3,1,6,4,1,4,4,4,4,1,3,0,2,1,0,0,0,0
614,水の森３丁目,5,5,7,8,6,9,6,9,7,5,8,4,9,8,2,9,4,8,7,9,5,8,7,7,6,5,8,9,12,5,6,8,8,7,3,9,8,7,9,12,13,10,7,13,10,8,9,17,10,12,12,3,10,4,10,11,13,9,16,11,8,12,13,9,9,11,9,10,9,14,19,11,15,8,5,8,10,7,13,3,5,4,6,6,9,10,8,7,4,5,5,4,2,2,1,0,0,3,1,0,0
615,水の森４丁目,0,0,0,0,0,0,0,0,0,0,0,0,0,0,0,0,0,0,0,0,0,1,0,0,0,1,0,0,0,0,1,0,0,1,0,0,0,0,0,0,0,0,0,0,0,1,1,1,1,0,0,0,0,0,0,0,0,0,1,0,1,0,0,0,1,0,0,0,0,0,0,1,0,0,1,0,0,0,0,0,0,1,0,0,0,0,0,0,0,0,0,0,0,0,1,0,0,0,0,0,0
616,南吉成１丁目,1,5,2,1,4,0,3,3,0,3,2,1,3,5,2,4,3,0,1,5,1,7,5,1,3,2,1,2,0,5,2,2,6,1,6,4,7,0,3,4,3,4,0,1,1,4,4,6,3,4,2,3,1,2,2,5,5,1,5,7,2,3,7,2,5,8,7,11,9,7,14,12,9,6,3,4,6,2,4,3,3,1,2,2,1,0,0,1,1,0,0,0,0,0,0,0,0,0,0,0,0
617,南吉成２丁目,0,0,3,6,4,9,6,4,3,2,4,4,4,4,4,2,5,5,3,3,4,7,2,4,2,2,3,1,2,5,3,5,4,2,0,5,3,4,8,9,6,9,6,5,4,4,8,4,5,6,6,6,5,5,2,6,7,3,3,7,4,6,8,9,5,6,6,9,8,1,9,4,7,4,3,3,4,4,4,1,1,2,1,1,1,1,0,3,0,1,1,0,0,0,0,0,0,0,0,0,0
618,南吉成３丁目,2,3,4,1,4,4,1,2,1,1,3,2,1,0,2,5,1,0,4,2,2,2,1,2,2,0,2,1,2,1,3,3,3,4,3,0,4,3,4,0,1,3,3,3,2,1,6,4,0,3,2,1,3,0,2,4,5,2,6,3,6,3,0,6,2,2,1,4,5,3,1,5,4,0,0,4,2,2,3,1,0,1,1,0,2,2,1,1,0,2,0,0,0,1,1,0,1,0,0,0,0
619,南吉成４丁目,1,0,1,1,2,1,3,3,2,3,4,1,3,2,3,0,4,3,1,5,2,2,6,5,6,2,1,2,2,1,5,2,5,2,5,1,2,2,1,4,5,2,3,2,0,1,1,4,6,2,3,6,1,4,2,4,2,3,3,7,4,11,5,7,10,6,11,10,3,6,6,2,3,2,4,1,2,1,4,0,2,1,0,0,0,2,0,0,0,0,1,0,0,0,1,0,0,0,0,0,0
620,南吉成５丁目,1,3,2,2,7,3,3,1,0,2,5,3,5,4,4,4,9,4,4,5,1,1,3,1,3,1,1,3,6,5,3,2,3,2,3,2,2,3,1,3,6,2,6,4,7,5,6,6,8,2,6,3,3,4,1,5,4,4,7,7,7,5,6,7,2,3,3,2,1,4,5,3,0,4,2,1,1,1,1,0,0,1,0,0,0,1,1,0,0,0,0,1,0,0,0,0,0,0,0,0,0
621,南吉成６丁目,3,1,2,4,0,0,1,0,0,1,1,0,0,1,0,2,0,0,0,3,1,0,1,2,1,0,2,1,1,0,1,3,2,5,1,1,5,1,2,1,2,4,2,1,0,2,1,2,0,1,0,2,0,1,0,1,4,1,1,6,3,2,1,2,3,3,8,5,5,2,2,3,3,0,0,0,1,0,1,1,1,1,0,0,0,0,0,0,0,0,0,0,0,0,0,0,0,0,0,0,0
622,南吉成７丁目,3,1,0,0,0,4,1,3,1,3,3,2,4,4,3,2,4,3,4,1,2,1,4,0,2,3,1,1,0,3,1,1,4,5,1,4,2,5,1,1,7,5,3,1,4,3,4,3,1,5,4,4,4,5,2,1,4,1,0,2,1,3,1,2,1,1,1,2,1,3,4,4,0,1,2,0,0,1,2,1,0,1,2,0,1,2,1,2,1,3,0,0,0,0,1,0,1,1,0,0,0
623,みやぎ台１丁目,4,5,0,2,2,1,8,4,2,4,1,0,5,5,1,3,4,3,3,5,2,2,4,3,1,5,2,3,3,3,3,4,4,2,8,4,3,6,5,6,11,10,5,4,6,9,4,7,1,3,7,9,6,1,4,6,4,5,4,3,2,2,3,4,6,6,8,10,15,12,9,8,8,6,5,7,4,5,4,4,8,5,6,2,0,2,0,1,3,1,1,1,1,1,0,1,0,0,0,0,0
624,みやぎ台２丁目,5,2,9,3,6,3,7,7,0,4,5,5,4,3,3,1,5,8,6,1,7,2,7,3,1,3,3,7,10,5,6,6,3,8,6,6,9,5,12,5,6,8,6,7,8,8,8,7,15,7,6,12,6,8,5,1,11,4,3,7,6,12,6,10,9,11,10,8,10,12,13,10,13,5,7,12,9,11,10,6,6,1,6,4,1,1,3,2,0,1,3,1,0,0,0,0,0,0,0,0,0
625,みやぎ台３丁目,5,4,8,7,6,3,5,4,7,3,5,6,5,6,2,5,5,2,4,2,3,2,5,1,3,2,5,1,4,9,5,7,9,8,7,7,5,9,10,8,11,9,11,8,12,5,12,4,7,6,6,9,8,5,8,7,4,5,4,9,5,12,4,9,10,4,8,10,10,14,14,17,11,13,6,12,7,5,12,11,4,4,2,3,2,1,3,0,1,1,3,0,0,2,1,1,0,0,0,0,0
626,みやぎ台４丁目,3,6,4,6,2,4,9,2,3,2,3,0,0,3,4,3,2,3,4,2,5,4,4,3,3,4,2,3,4,2,4,3,5,7,2,8,7,6,6,3,8,4,7,9,8,8,7,8,5,3,10,8,8,4,4,5,3,3,3,3,3,2,3,7,6,8,9,15,9,12,13,13,9,6,8,7,9,8,11,4,4,3,3,2,0,1,0,1,1,0,0,0,0,0,0,0,0,0,0,0,0
627,みやぎ台５丁目,2,5,0,4,5,0,3,3,2,2,1,3,3,5,5,1,3,1,2,3,0,2,3,1,4,0,1,0,3,6,5,5,3,3,3,3,3,1,4,2,3,7,8,6,6,8,4,6,8,3,3,3,3,8,6,2,1,6,4,2,2,6,4,9,7,6,1,7,12,11,3,8,8,4,4,5,3,5,5,6,1,1,2,2,0,0,2,0,0,0,0,0,0,0,0,0,1,0,0,0,0
628,宮町１丁目,5,6,6,1,5,9,5,5,3,2,2,5,7,3,5,3,4,4,3,8,7,10,19,13,26,10,17,17,14,22,11,18,15,15,12,16,14,12,11,9,10,14,11,13,18,14,16,15,21,11,4,13,11,3,9,11,7,5,8,4,9,6,2,8,7,11,5,6,2,6,8,3,13,3,2,12,2,4,6,2,3,5,0,3,4,1,3,0,0,4,3,1,1,1,0,0,0,1,0,1,0
629,宮町２丁目,4,2,1,4,2,0,2,5,1,2,3,0,2,3,3,0,1,3,3,6,11,9,15,8,16,11,12,13,9,10,4,6,13,13,8,10,13,12,8,12,9,4,9,12,10,5,6,8,5,8,6,3,8,4,1,4,6,3,4,0,3,0,4,3,3,7,4,1,4,5,5,11,2,1,2,1,2,1,2,3,2,2,1,2,1,0,1,1,1,0,2,1,0,0,0,0,1,0,0,0,0
630,宮町３丁目,2,4,4,3,5,7,7,5,5,5,7,7,9,5,7,3,2,3,4,8,5,6,4,8,10,9,5,2,5,2,12,6,6,2,8,6,11,13,5,9,11,9,10,17,15,18,11,7,8,8,9,8,12,4,7,6,5,6,5,5,10,6,6,4,6,0,1,5,3,7,4,3,5,4,1,3,5,10,4,2,1,3,4,2,4,3,1,2,1,2,2,0,0,0,2,0,0,0,0,0,1
631,宮町４丁目,4,6,10,4,4,4,2,1,2,6,2,2,5,4,6,6,4,4,5,5,2,4,5,14,11,7,11,10,20,7,13,15,8,7,10,9,11,17,8,12,10,7,7,5,9,9,9,8,8,8,12,8,11,12,6,8,6,6,4,6,8,6,5,7,5,8,4,11,2,5,11,10,4,3,3,10,1,3,3,0,3,3,4,4,3,1,3,4,1,0,3,3,1,0,0,0,0,0,0,0,0
632,宮町５丁目,10,6,7,5,6,9,4,6,5,3,5,10,4,3,5,5,11,5,6,6,7,1,11,6,3,18,5,9,11,3,9,11,18,16,12,9,6,8,20,8,8,9,10,11,8,10,11,9,5,14,6,6,9,4,7,12,8,11,10,5,6,7,3,4,6,9,6,6,3,6,6,2,5,7,1,3,3,4,3,3,4,2,0,3,1,2,1,3,0,2,2,0,1,0,0,0,0,0,0,0,0
633,向田,1,0,1,2,1,2,2,1,1,2,2,2,2,1,3,1,3,3,4,2,1,2,2,3,3,5,2,1,5,3,5,3,3,3,1,2,3,1,1,2,0,2,3,4,8,4,5,7,1,0,4,5,3,4,4,6,5,1,4,5,3,2,6,0,4,1,3,3,5,7,2,5,3,5,3,3,5,6,1,4,4,0,4,1,5,2,1,0,2,2,0,1,0,0,2,0,0,0,0,0,0
641,茂庭,0,0,0,0,0,1,0,0,0,0,1,0,1,0,0,1,0,2,0,0,0,0,0,0,0,1,0,0,1,0,0,0,0,0,1,2,1,2,0,0,2,0,1,0,0,0,0,1,2,2,0,1,2,0,0,1,0,0,0,0,0,1,0,1,0,0,0,2,4,0,2,1,0,1,0,1,0,0,0,1,1,0,1,0,0,0,0,0,0,0,1,0,0,0,0,0,0,0,0,0,0
642,山手町,6,10,7,9,3,5,4,6,5,7,5,4,10,4,10,9,12,14,13,13,23,16,15,25,20,22,18,19,10,13,15,14,16,13,19,13,15,13,13,10,14,14,15,19,16,17,19,25,18,20,17,21,15,15,18,22,17,13,11,11,21,13,12,16,17,18,11,16,20,16,12,13,16,9,8,8,8,7,10,7,4,4,5,7,4,7,7,2,3,3,0,2,0,0,0,1,0,0,0,0,0
643,吉成１丁目,1,5,5,6,4,4,3,3,5,4,4,8,2,5,5,4,7,4,4,13,5,4,3,7,4,3,8,1,2,1,3,6,4,6,5,3,7,10,5,7,5,6,5,3,7,11,6,8,11,6,7,6,8,4,3,6,4,3,5,1,1,4,3,2,9,7,3,7,7,12,6,11,3,9,7,5,12,3,7,5,9,6,7,3,5,4,1,1,0,1,0,0,0,2,1,0,0,1,0,0,0
644,吉成２丁目,4,3,1,3,2,3,3,4,1,0,1,3,5,2,2,2,7,3,3,1,3,4,3,6,1,4,6,3,3,4,2,2,2,0,4,4,2,3,3,7,4,8,5,5,6,7,8,2,4,5,3,6,5,2,4,4,2,5,6,4,4,5,2,4,3,6,3,5,8,4,9,8,8,9,8,5,8,10,4,5,3,5,3,2,3,2,2,4,1,1,1,0,0,1,0,0,0,0,0,1,0
645,吉成３丁目,1,2,2,2,4,3,4,1,8,4,1,6,7,4,7,9,4,4,3,3,4,4,1,2,1,4,2,4,1,3,2,6,3,5,3,1,2,4,5,4,7,7,2,4,2,6,7,4,7,6,2,6,4,2,7,5,1,3,4,2,0,5,6,3,7,6,4,5,3,7,10,2,4,9,8,6,16,10,8,3,6,4,3,7,4,4,3,0,2,0,1,1,2,1,1,0,0,0,0,0,0
646,吉成台１丁目,0,2,0,0,1,3,1,1,1,2,1,2,0,2,0,1,1,2,2,1,1,2,0,0,0,2,1,2,1,1,2,2,0,0,0,2,1,3,4,2,1,0,1,3,2,3,2,0,1,1,1,2,1,2,2,3,2,1,0,2,1,2,2,1,4,5,0,2,4,1,3,4,3,2,1,1,1,0,0,0,1,1,1,0,0,0,0,0,0,0,0,0,0,0,0,0,0,0,0,0,0
647,吉成台２丁目,1,1,2,1,3,2,0,1,0,3,2,3,3,2,1,2,4,6,1,4,1,4,2,0,3,6,0,1,2,2,1,2,2,2,3,1,2,5,3,1,3,2,3,1,1,4,6,2,6,5,4,6,4,1,5,4,5,4,7,3,5,3,3,4,3,3,6,3,5,3,1,1,1,2,0,0,3,1,0,0,0,0,0,1,0,1,1,1,0,1,0,0,0,0,0,0,0,0,0,0,0
