,town_name,0,1,2,3,4,5,6,7,8,9,10,11,12,13,14,15,16,17,18,19,20,21,22,23,24,25,26,27,28,29,30,31,32,33,34,35,36,37,38,39,40,41,42,43,44,45,46,47,48,49,50,51,52,53,54,55,56,57,58,59,60,61,62,63,64,65,66,67,68,69,70,71,72,73,74,75,76,77,78,79,80,81,82,83,84,85,86,87,88,89,90,91,92,93,94,95,96,97,98,99,100+,0-4,5-9,10-14,15-19,20-24,25-29,30-34,35-39,40-44,45-49,50-54,55-59,60-64,65-69,70-74,75-79,80-84,85-89,90+
0,安養寺１丁目,5,4,6,7,7,5,6,8,2,5,5,6,5,2,3,6,9,6,10,11,2,5,8,7,8,8,8,13,8,4,7,8,8,7,7,8,8,8,4,10,10,9,5,12,10,9,16,10,7,14,10,10,14,10,11,6,9,11,6,6,9,9,9,6,8,14,12,10,7,14,6,7,9,7,5,13,9,16,10,4,8,4,4,11,6,2,9,8,6,7,4,2,3,3,1,2,2,1,0,0,0,29,26,21,42,30,41,37,38,46,56,55,38,41,57,34,52,33,32,18
1,安養寺２丁目,7,3,8,4,6,6,2,8,4,7,2,3,4,4,3,4,6,9,4,6,5,5,6,5,5,4,3,6,4,9,6,3,7,7,4,13,8,10,17,8,9,11,5,9,5,14,6,8,8,11,10,7,15,10,5,10,8,10,3,4,6,13,8,12,7,10,6,15,9,7,7,10,11,7,8,14,5,16,10,11,13,11,13,12,13,13,5,10,10,6,8,9,2,4,3,4,1,1,0,1,0,28,27,16,29,26,26,27,56,39,47,47,35,46,47,43,56,62,44,33
2,安養寺３丁目,0,1,0,0,0,1,1,2,0,1,2,1,0,1,2,0,1,1,1,0,0,1,2,0,0,1,2,0,0,1,0,3,1,0,0,1,1,2,1,0,3,1,2,0,1,0,0,2,0,1,2,1,0,1,0,2,1,1,0,0,2,0,0,1,0,0,1,1,0,0,3,0,0,0,0,1,1,0,1,1,0,1,0,0,2,0,1,0,0,0,0,1,0,0,0,0,1,0,0,0,0,1,5,6,3,3,4,4,5,7,3,4,4,3,2,3,4,3,1,2
3,銀杏町,6,7,8,5,5,5,1,11,4,5,5,11,9,4,7,5,10,7,20,18,12,14,11,28,25,13,13,17,17,16,16,17,20,20,19,14,12,16,23,20,24,25,23,18,18,18,23,29,20,21,12,16,20,18,18,14,10,21,16,16,10,14,8,11,14,13,11,15,14,14,12,15,18,7,9,13,6,6,9,9,5,6,8,8,5,7,9,3,5,6,7,4,6,1,2,3,2,0,2,1,1,31,26,36,60,90,76,92,85,108,111,84,77,57,67,61,43,32,30,29
4,出花１丁目,1,6,3,5,1,2,5,2,8,6,6,7,8,6,12,6,4,5,5,2,7,4,8,9,10,14,9,10,7,8,7,7,9,8,5,5,7,9,10,9,10,8,15,12,12,11,18,17,11,13,11,12,6,6,9,12,8,18,7,7,7,4,5,5,2,11,4,4,10,8,4,9,6,3,2,3,3,3,4,3,4,4,2,1,2,1,1,2,0,0,3,2,0,1,1,0,1,0,0,0,0,16,23,39,22,38,48,36,40,57,70,44,52,23,37,24,16,13,4,8
5,出花２丁目,2,6,3,3,8,6,5,4,1,3,3,3,4,5,3,3,6,4,1,3,4,4,3,1,5,3,7,3,4,5,5,7,5,3,7,4,5,8,6,8,2,5,5,10,10,7,10,10,7,6,3,5,3,8,4,3,5,4,8,3,6,7,4,1,6,5,5,5,4,11,3,9,5,0,1,3,6,1,1,2,1,3,2,5,1,2,3,4,2,2,1,0,0,0,1,1,1,1,0,0,0,22,19,18,17,17,22,27,31,32,40,23,23,24,30,18,13,12,13,5
6,出花３丁目,3,5,6,3,3,1,2,1,2,1,0,3,1,2,2,4,3,3,4,2,2,2,2,2,3,2,3,1,4,4,9,2,3,4,3,4,7,2,2,5,2,1,7,6,3,3,5,8,3,2,6,3,6,1,3,3,3,2,1,0,2,2,2,2,3,3,1,3,1,2,2,2,1,0,0,3,2,2,2,0,2,1,3,0,0,2,1,0,2,0,0,0,0,0,0,0,0,0,0,0,0,20,7,8,16,11,14,21,20,19,21,19,9,11,10,5,9,6,5,0
52,岩切,69,71,82,63,82,70,63,62,81,67,62,81,68,56,46,52,64,57,75,65,62,58,56,72,68,62,85,100,86,102,108,100,111,111,105,106,108,114,109,116,124,98,109,101,105,112,94,114,118,105,76,70,83,64,80,69,68,84,59,69,43,74,48,64,67,80,80,69,64,79,82,86,81,69,65,51,59,77,57,65,46,44,52,45,45,49,45,40,31,36,34,24,22,14,9,9,9,6,1,4,4,367,343,313,313,316,435,535,553,537,543,373,349,296,372,383,309,232,201,136
53,岩切１丁目,1,1,1,1,0,0,2,1,1,1,5,2,4,3,0,2,2,1,4,2,2,2,2,0,2,3,1,1,3,5,2,2,1,1,2,1,4,4,3,4,3,5,5,3,2,2,3,3,2,2,0,9,2,2,4,0,3,1,1,2,5,0,7,6,0,4,6,5,6,4,4,2,2,2,0,3,2,1,6,1,1,4,2,5,0,2,2,4,3,1,4,0,1,1,0,1,0,0,0,0,1,4,5,14,11,8,13,8,16,18,12,17,7,18,25,10,13,12,12,8
54,岩切２丁目,2,1,3,1,4,6,0,6,3,7,2,9,4,4,5,12,4,9,5,3,4,4,3,2,4,2,1,6,3,3,4,8,1,11,6,2,10,9,3,4,4,11,8,8,7,9,8,5,7,5,11,8,12,5,5,7,2,6,4,8,7,2,8,5,3,7,5,6,5,5,6,8,5,9,4,4,6,7,2,7,4,1,4,6,4,4,2,2,2,1,0,3,1,0,1,1,1,1,1,0,1,11,22,24,33,17,15,30,28,38,34,41,27,25,28,32,26,19,11,10
55,岩切３丁目,5,3,5,8,4,5,5,7,5,6,5,4,2,6,3,3,2,4,3,2,4,3,6,3,5,0,4,3,1,7,4,11,3,7,7,4,7,8,8,8,10,5,9,12,12,6,6,10,7,4,6,8,5,1,2,3,4,5,13,2,5,5,5,3,6,4,6,5,7,5,12,9,5,11,3,4,3,11,4,6,3,3,2,4,1,3,4,2,1,6,2,1,0,1,0,0,0,0,0,0,0,25,28,20,14,21,15,32,35,48,33,22,27,24,27,40,28,13,16,4
56,岩切分台１丁目,7,8,3,2,5,3,6,1,6,2,1,5,2,1,6,3,3,1,0,1,3,1,0,2,4,5,4,9,6,3,4,6,11,4,4,6,7,6,6,8,15,9,6,8,8,11,6,3,4,3,2,4,1,1,1,3,2,1,2,2,2,1,1,1,1,2,0,1,5,0,1,1,0,1,0,1,1,0,1,1,0,2,0,0,0,0,0,0,1,0,0,0,1,0,0,0,0,0,0,0,0,25,18,15,8,10,27,29,33,46,27,9,10,6,8,3,4,2,1,1
57,岩切分台２丁目,4,4,4,1,4,2,3,1,1,3,2,1,2,3,3,2,4,3,3,1,1,0,0,3,0,5,2,5,1,4,3,7,11,6,4,3,6,6,5,2,4,9,4,5,5,6,6,5,3,6,5,0,3,3,1,0,0,1,3,2,0,3,0,0,2,0,2,1,1,1,2,0,0,1,0,1,1,2,0,3,1,1,0,3,0,2,2,2,1,0,3,0,1,1,0,1,0,2,0,0,0,17,10,11,13,4,17,31,22,27,26,12,6,5,5,3,7,5,7,8
58,岩切分台３丁目,7,6,3,6,11,1,5,11,6,9,2,6,18,9,11,15,5,9,8,5,3,5,5,4,7,11,5,5,6,10,6,6,5,13,13,10,8,11,6,15,10,14,13,11,10,15,12,12,14,12,10,12,11,6,3,3,3,8,7,4,1,5,3,6,2,3,4,1,4,2,2,2,1,1,0,1,0,1,1,0,1,1,3,1,1,2,1,1,1,0,0,1,0,1,0,0,0,0,0,0,0,33,32,46,42,24,37,43,50,58,65,42,25,17,14,6,3,7,5,2
59,扇町１丁目,x,x,x,x,x,x,x,x,x,x,x,x,x,x,x,x,x,x,x,x,x,x,x,x,x,x,x,x,x,x,x,x,x,x,x,x,x,x,x,x,x,x,x,x,x,x,x,x,x,x,x,x,x,x,x,x,x,x,x,x,x,x,x,x,x,x,x,x,x,x,x,x,x,x,x,x,x,x,x,x,x,x,x,x,x,x,x,x,x,x,x,x,x,x,x,x,x,x,x,x,x,0,0,0,0,0,0,0,0,0,1,0,0,0,0,0,0,2,0,0
60,扇町３丁目,x,x,x,x,x,x,x,x,x,x,x,x,x,x,x,x,x,x,x,x,x,x,x,x,x,x,x,x,x,x,x,x,x,x,x,x,x,x,x,x,x,x,x,x,x,x,x,x,x,x,x,x,x,x,x,x,x,x,x,x,x,x,x,x,x,x,x,x,x,x,x,x,x,x,x,x,x,x,x,x,x,x,x,x,x,x,x,x,x,x,x,x,x,x,x,x,x,x,x,x,x,0,0,0,0,0,0,0,0,0,0,0,0,0,0,0,0,1,0,0
61,扇町５丁目,x,x,x,x,x,x,x,x,x,x,x,x,x,x,x,x,x,x,x,x,x,x,x,x,x,x,x,x,x,x,x,x,x,x,x,x,x,x,x,x,x,x,x,x,x,x,x,x,x,x,x,x,x,x,x,x,x,x,x,x,x,x,x,x,x,x,x,x,x,x,x,x,x,x,x,x,x,x,x,x,x,x,x,x,x,x,x,x,x,x,x,x,x,x,x,x,x,x,x,x,x,0,0,0,0,0,0,0,0,0,0,1,0,0,0,0,1,0,1,0
62,扇町６丁目,x,x,x,x,x,x,x,x,x,x,x,x,x,x,x,x,x,x,x,x,x,x,x,x,x,x,x,x,x,x,x,x,x,x,x,x,x,x,x,x,x,x,x,x,x,x,x,x,x,x,x,x,x,x,x,x,x,x,x,x,x,x,x,x,x,x,x,x,x,x,x,x,x,x,x,x,x,x,x,x,x,x,x,x,x,x,x,x,x,x,x,x,x,x,x,x,x,x,x,x,x,0,0,0,0,0,0,0,0,1,0,0,0,0,0,1,0,0,0,0
63,扇町７丁目,x,x,x,x,x,x,x,x,x,x,x,x,x,x,x,x,x,x,x,x,x,x,x,x,x,x,x,x,x,x,x,x,x,x,x,x,x,x,x,x,x,x,x,x,x,x,x,x,x,x,x,x,x,x,x,x,x,x,x,x,x,x,x,x,x,x,x,x,x,x,x,x,x,x,x,x,x,x,x,x,x,x,x,x,x,x,x,x,x,x,x,x,x,x,x,x,x,x,x,x,x,0,0,0,0,0,0,0,0,0,1,0,0,0,0,0,0,1,0,0
64,大梶,8,7,9,6,8,11,19,5,8,13,12,17,9,14,13,10,10,10,12,12,13,16,18,14,13,12,16,13,20,13,21,13,19,11,18,11,19,15,11,18,20,20,20,20,15,24,22,15,18,22,30,19,26,18,30,36,31,31,38,34,19,29,20,32,20,27,19,29,28,35,38,30,23,14,9,17,16,10,15,15,7,9,11,6,8,4,5,6,5,2,6,6,3,5,2,5,2,1,0,0,1,38,56,65,54,74,74,82,74,95,101,123,170,120,138,114,73,41,22,31
94,岡田,2,3,2,6,5,5,12,4,5,3,6,3,5,12,1,6,11,6,10,9,7,8,6,5,2,10,4,5,8,12,5,7,6,8,7,14,12,8,10,10,7,12,7,8,14,6,10,16,6,18,7,11,11,9,14,15,20,6,14,12,8,15,16,21,6,15,15,11,12,10,17,13,18,21,11,3,4,9,13,21,5,6,10,10,8,2,3,4,6,8,8,2,4,2,4,2,1,2,2,0,0,18,29,27,42,28,39,33,54,48,56,52,67,66,63,80,50,39,23,27
95,小田原１丁目,28,16,25,16,24,13,19,19,12,18,12,9,7,5,11,2,7,5,7,10,10,20,13,19,27,14,20,14,29,33,27,26,36,44,28,32,32,25,35,25,31,26,26,23,21,18,25,16,18,17,20,19,14,11,12,12,13,13,10,13,7,11,9,12,8,8,10,12,8,9,7,10,10,5,3,6,4,4,7,5,5,4,4,7,5,4,7,1,2,5,4,2,1,1,0,3,0,0,0,0,0,109,81,44,31,89,110,161,149,127,94,76,61,47,47,35,26,25,19,11
96,小田原２丁目,3,6,4,1,1,2,3,2,5,2,6,1,2,4,1,3,3,0,1,4,9,7,10,7,3,11,9,13,6,11,8,11,11,9,8,4,8,8,9,6,12,5,4,6,8,9,8,5,4,4,6,4,3,6,7,8,5,6,6,8,3,5,5,3,8,3,6,4,14,4,3,1,9,4,3,3,7,5,6,2,4,5,4,4,3,1,1,4,0,1,3,5,2,1,2,1,2,0,0,1,0,15,14,14,11,36,50,47,35,35,30,26,33,24,31,20,23,20,7,17
97,小田原３丁目,7,4,0,1,1,1,0,2,4,1,0,4,3,4,1,1,1,3,4,0,5,6,6,8,9,6,9,7,8,10,5,12,9,4,9,7,5,10,6,7,10,7,8,8,12,6,10,7,12,14,9,8,5,5,3,5,7,4,5,7,5,11,7,5,12,13,8,8,9,12,4,4,14,4,3,5,6,2,8,4,3,3,4,9,5,3,4,3,4,7,8,3,2,2,1,0,1,1,0,0,0,13,8,12,9,34,40,39,35,45,49,30,28,40,50,29,25,24,21,18
98,小田原山本丁,9,1,2,1,2,1,2,1,3,1,1,1,1,2,2,0,1,1,3,3,2,2,2,2,4,5,1,2,2,3,2,7,2,3,5,5,2,4,6,0,4,2,5,2,10,4,8,3,7,3,4,5,7,4,5,4,4,1,1,2,0,1,1,1,3,4,2,5,2,5,5,4,4,4,0,3,5,3,1,3,2,4,1,1,0,0,0,2,0,0,1,2,0,0,0,0,0,1,0,0,1,15,8,7,8,12,13,19,17,23,25,25,12,6,18,17,15,8,2,5
99,小田原弓ノ町,6,2,10,8,7,9,9,12,8,8,12,7,8,6,6,5,7,9,4,4,8,6,13,11,6,8,19,7,4,7,9,5,9,9,15,10,10,16,18,11,18,14,9,11,14,11,15,9,8,8,8,7,9,5,11,5,4,3,7,6,5,3,5,4,3,3,3,4,4,2,8,3,5,4,1,0,7,0,3,2,2,4,3,4,0,2,2,2,0,2,0,0,1,1,0,0,0,1,1,0,0,33,46,39,29,44,45,47,65,66,51,40,25,20,16,21,12,13,8,4
100,蟹沢,0,0,0,1,0,0,1,0,1,0,0,1,0,0,1,0,0,0,0,2,0,0,0,0,0,1,0,1,0,0,1,0,0,0,0,1,1,2,0,0,0,0,0,0,1,0,0,0,0,0,0,0,0,1,0,2,0,1,0,0,0,0,1,0,0,1,0,0,2,0,0,0,0,1,0,0,1,0,0,0,0,0,0,1,0,0,0,0,1,0,0,0,0,0,0,0,0,0,0,0,0,1,2,2,2,0,2,1,4,1,0,1,3,1,3,1,1,1,1,0
129,蒲生,2,5,6,6,8,10,6,7,5,10,7,13,8,8,7,7,7,11,7,11,10,10,11,5,8,5,3,3,6,6,8,13,9,12,8,5,7,13,8,14,12,8,13,9,21,14,21,20,10,15,13,16,22,13,15,17,15,19,15,18,17,15,17,11,14,15,16,14,16,15,15,19,12,14,5,9,17,13,8,8,7,7,10,4,7,4,2,2,4,1,5,3,3,5,2,1,0,2,0,0,0,27,38,43,43,44,23,50,47,63,80,79,84,74,76,65,55,35,13,21
130,蒲生１丁目,x,x,x,x,x,x,x,x,x,x,x,x,x,x,x,x,x,x,x,x,x,x,x,x,x,x,x,x,x,x,x,x,x,x,x,x,x,x,x,x,x,x,x,x,x,x,x,x,x,x,x,x,x,x,x,x,x,x,x,x,x,x,x,x,x,x,x,x,x,x,x,x,x,x,x,x,x,x,x,x,x,x,x,x,x,x,x,x,x,x,x,x,x,x,x,x,x,x,x,x,x,0,0,0,0,0,1,0,0,0,0,3,0,2,1,1,0,0,0,0
131,蒲生２丁目,x,x,x,x,x,x,x,x,x,x,x,x,x,x,x,x,x,x,x,x,x,x,x,x,x,x,x,x,x,x,x,x,x,x,x,x,x,x,x,x,x,x,x,x,x,x,x,x,x,x,x,x,x,x,x,x,x,x,x,x,x,x,x,x,x,x,x,x,x,x,x,x,x,x,x,x,x,x,x,x,x,x,x,x,x,x,x,x,x,x,x,x,x,x,x,x,x,x,x,x,x,0,0,0,0,0,0,0,0,0,0,0,1,0,0,1,0,0,0,0
132,車町,3,6,3,9,3,2,2,4,1,2,1,1,3,1,1,2,1,0,2,4,2,1,3,3,5,2,3,5,7,4,3,4,8,3,9,8,4,7,5,5,5,6,5,5,6,5,2,3,10,5,3,2,2,1,1,5,3,3,2,0,2,2,2,1,0,1,0,2,0,0,0,1,0,0,0,0,0,0,0,0,0,0,0,1,0,0,0,0,0,0,0,0,0,0,1,0,0,0,0,0,0,24,11,7,9,14,21,27,29,27,25,9,13,7,3,1,0,1,0,1
135,小鶴,x,x,x,x,x,x,x,x,x,x,x,x,x,x,x,x,x,x,x,x,x,x,x,x,x,x,x,x,x,x,x,x,x,x,x,x,x,x,x,x,x,x,x,x,x,x,x,x,x,x,x,x,x,x,x,x,x,x,x,x,x,x,x,x,x,x,x,x,x,x,x,x,x,x,x,x,x,x,x,x,x,x,x,x,x,x,x,x,x,x,x,x,x,x,x,x,x,x,x,x,x,0,0,0,0,0,0,0,0,0,0,0,0,2,1,0,0,0,0,0
136,小鶴１丁目,6,4,3,4,0,2,6,2,6,0,5,2,2,0,4,6,2,4,5,9,4,3,4,5,8,4,4,6,4,4,5,8,3,9,6,7,9,4,6,7,3,8,6,3,8,7,9,7,11,4,6,5,1,3,8,12,8,10,4,6,6,2,2,6,6,3,8,5,3,10,9,4,6,2,0,3,6,4,2,5,5,8,3,4,4,6,3,4,3,5,2,0,3,0,1,1,1,1,0,1,0,17,16,13,26,24,22,31,33,28,38,23,40,22,29,21,20,24,21,10
137,小鶴２丁目,2,2,1,8,1,3,3,1,1,4,2,4,0,1,0,2,0,2,0,2,2,2,0,2,2,4,7,7,5,2,5,3,3,9,0,4,5,3,7,4,8,3,3,7,2,6,6,3,6,2,4,4,4,1,6,4,6,2,2,3,4,4,3,2,1,2,4,2,5,2,1,2,2,1,0,0,2,0,2,3,0,0,3,0,0,2,0,1,1,2,1,0,0,0,1,0,0,0,0,0,0,14,12,7,6,8,25,20,23,23,23,19,17,14,15,6,7,3,6,2
138,小鶴３丁目,7,4,3,3,4,3,2,4,0,3,4,3,4,1,2,0,1,1,5,4,1,4,3,2,1,7,2,5,6,8,6,8,6,6,3,3,3,3,6,4,6,8,2,7,1,2,5,4,5,8,7,7,4,5,1,5,2,3,2,1,4,2,3,6,9,5,6,8,6,8,3,7,7,8,1,5,9,7,3,6,3,2,9,5,1,4,3,1,3,1,2,2,2,2,0,0,0,0,0,0,0,21,12,14,11,11,28,29,19,24,24,24,13,24,33,26,30,20,12,8
139,五輪１丁目,7,8,1,7,3,3,8,2,9,6,5,5,10,7,4,3,6,5,5,9,17,16,12,14,13,16,14,17,18,13,14,14,16,12,13,4,16,10,6,10,10,11,14,14,15,11,18,15,11,13,11,13,16,8,9,13,13,13,22,13,8,9,11,13,7,12,16,8,13,10,13,13,20,12,9,9,9,7,6,10,6,4,14,4,3,9,1,6,5,7,6,1,4,0,2,1,0,1,0,0,0,26,28,31,28,72,78,69,46,64,68,57,74,48,59,67,41,31,28,15
140,五輪２丁目,5,10,8,6,6,2,10,8,5,8,4,4,6,1,3,7,4,7,11,13,12,14,23,15,16,13,17,20,15,16,20,29,23,21,22,20,18,15,12,17,12,14,10,19,20,21,22,22,22,17,9,17,15,16,14,16,12,8,8,12,8,15,8,10,10,11,11,20,20,13,16,13,22,12,11,11,17,10,8,12,13,12,5,11,9,13,9,4,3,9,4,2,3,4,1,2,4,0,1,0,0,35,33,18,42,80,81,115,82,75,104,71,56,51,75,74,58,50,38,21
141,幸町１丁目,3,3,3,6,3,3,4,3,2,5,1,4,4,1,6,5,3,2,5,3,9,3,5,14,6,8,8,4,7,3,3,8,4,7,6,7,4,14,9,13,6,6,6,10,9,2,6,8,9,4,2,6,5,2,3,13,3,9,5,4,5,7,8,6,6,4,7,3,4,4,13,4,7,4,6,4,2,3,3,1,3,4,3,1,3,2,2,3,2,0,0,2,1,0,0,0,0,0,0,0,1,18,17,16,18,37,30,28,47,37,29,18,34,32,22,34,13,14,9,4
142,幸町２丁目,3,13,11,8,11,13,18,17,16,20,23,15,13,25,18,18,16,17,8,13,29,20,16,14,16,22,24,14,15,21,23,23,20,25,24,30,27,11,25,29,28,25,33,29,25,25,39,32,36,29,32,23,25,25,23,20,25,14,18,15,19,15,12,18,14,20,11,19,26,19,23,16,21,8,12,5,11,8,13,16,13,6,16,7,6,8,3,6,4,3,2,5,2,3,3,2,1,1,1,0,1,46,84,94,72,95,96,115,122,140,161,128,92,78,95,80,53,48,24,21
143,幸町３丁目,12,6,13,6,6,12,6,8,9,13,10,12,3,9,7,8,13,9,9,10,10,7,7,7,5,8,2,12,12,5,8,17,8,10,16,18,17,17,8,16,5,23,14,14,20,12,14,24,12,14,19,16,15,14,14,10,11,7,10,14,15,23,20,15,15,15,14,18,26,19,23,30,30,22,12,9,19,14,15,18,13,12,14,9,5,7,6,4,5,7,1,4,2,3,0,1,1,0,0,0,0,43,48,41,49,36,39,59,76,76,76,78,52,88,92,117,75,53,29,12
144,幸町４丁目,0,0,0,0,0,0,0,0,0,0,0,0,0,0,0,0,0,0,0,0,0,0,0,1,0,0,0,0,0,0,0,0,0,0,0,0,0,0,0,1,0,0,0,0,0,0,0,0,0,0,0,0,0,0,0,2,0,1,0,1,1,0,0,2,0,0,0,1,0,1,0,0,0,0,0,0,0,0,0,1,0,0,0,0,0,0,0,0,0,0,0,0,0,0,0,0,0,0,0,0,0,0,0,0,0,1,0,0,1,0,0,0,4,3,2,0,1,0,0,0
145,幸町５丁目,4,1,3,5,6,10,5,5,4,7,7,8,7,7,8,9,7,7,10,9,7,8,8,8,8,4,4,6,7,8,3,3,10,3,5,6,8,11,10,4,12,12,3,9,17,7,10,16,17,15,17,18,11,23,10,21,14,10,11,12,7,9,10,10,4,12,5,11,15,16,16,15,11,5,6,13,8,12,2,4,6,4,6,7,7,6,1,5,3,4,1,1,0,0,0,0,0,0,0,1,0,19,31,37,42,39,29,24,39,53,65,79,68,40,59,53,39,30,19,3
146,栄１丁目,2,3,0,0,0,2,1,4,0,2,1,0,1,2,2,4,5,4,6,1,3,5,11,5,5,3,2,2,3,3,3,2,2,1,4,4,1,2,7,2,6,6,4,5,6,4,5,6,3,4,2,4,11,5,5,5,5,4,3,2,0,2,2,4,1,4,3,2,5,3,3,4,3,2,5,3,2,6,5,5,4,1,5,4,6,3,2,3,3,7,6,0,1,0,0,1,0,1,0,0,1,5,9,6,20,29,13,12,16,27,22,27,19,9,17,17,21,20,18,10
147,栄２丁目,4,3,5,7,7,8,7,5,7,7,5,9,6,9,6,8,10,7,6,13,9,10,11,11,10,11,11,7,11,15,14,7,13,15,7,7,11,8,9,7,11,7,10,9,12,12,14,12,14,11,7,14,7,6,8,11,5,5,11,8,7,8,8,7,6,10,10,4,11,9,13,11,10,8,5,10,6,7,9,6,6,1,10,10,6,6,6,1,0,1,1,5,0,1,0,0,0,0,0,0,0,26,34,35,44,51,55,56,42,49,63,42,40,36,44,47,38,33,14,7
148,栄３丁目,2,0,2,2,5,1,6,4,9,3,3,1,4,4,6,1,2,5,1,4,8,6,2,6,5,4,7,4,1,0,5,5,6,2,3,4,2,4,5,2,10,2,6,4,6,7,6,9,5,4,2,6,6,6,2,3,4,2,4,4,6,2,3,0,5,2,1,7,6,7,4,11,7,6,1,6,12,4,3,9,5,1,3,0,1,5,1,1,2,1,2,1,1,0,0,0,0,0,0,0,0,11,23,18,13,27,16,21,17,28,31,22,17,16,23,29,34,10,10,4
149,栄４丁目,5,2,0,3,3,5,4,6,5,5,3,6,6,5,4,3,5,5,4,9,5,13,6,10,6,10,6,5,7,7,5,7,7,6,7,10,4,9,5,6,7,9,14,10,8,9,11,17,8,10,8,10,7,11,4,12,9,8,8,7,5,6,4,10,8,5,6,6,11,9,13,10,14,9,8,7,10,7,8,7,7,5,7,5,2,3,5,2,4,2,3,1,2,1,0,0,0,0,1,0,1,13,25,24,26,40,35,32,34,48,55,40,44,33,37,54,39,26,16,9
150,栄５丁目,6,4,2,4,3,5,0,3,2,2,6,2,7,5,6,4,9,9,6,6,6,8,10,6,6,9,11,5,10,8,10,8,3,8,12,3,3,4,5,5,2,13,5,3,12,5,4,6,17,10,9,9,10,7,10,15,7,7,6,10,13,6,2,11,4,5,9,1,7,3,14,7,3,6,2,2,2,3,4,0,2,2,4,0,3,1,1,1,1,0,0,0,0,0,0,1,0,0,0,0,0,19,12,26,34,36,43,41,20,35,42,45,45,36,25,32,11,11,4,1
151,清水沼１丁目,6,1,5,2,4,1,1,1,1,0,4,0,1,2,1,3,2,0,1,6,4,3,5,5,4,4,4,3,9,3,4,5,5,1,2,3,6,8,4,1,4,9,1,3,5,7,6,2,7,2,2,4,4,3,4,5,1,7,2,0,3,3,1,4,5,3,4,3,3,7,2,4,3,2,1,1,4,4,4,2,1,3,3,3,2,2,2,4,1,1,0,1,1,0,0,2,0,1,0,0,0,18,4,8,12,21,23,17,22,22,24,17,15,16,20,12,15,12,10,5
152,清水沼２丁目,4,6,2,5,1,1,3,2,2,4,4,1,2,3,3,3,4,4,3,4,8,8,7,1,4,8,9,2,9,7,7,10,6,8,5,8,5,10,4,10,5,11,6,9,6,4,5,8,8,10,5,8,6,6,4,8,6,10,6,1,5,9,5,4,8,8,13,7,5,10,5,8,11,3,4,3,4,4,7,7,6,4,6,4,7,5,4,7,5,2,2,4,1,5,0,2,1,0,1,1,0,18,12,13,18,28,35,36,37,37,35,29,31,31,43,31,25,27,23,17
153,清水沼３丁目,11,6,8,4,4,3,4,4,4,7,2,5,6,6,3,1,3,4,3,3,6,5,7,10,4,6,11,6,6,11,4,7,9,15,8,10,9,6,13,8,6,5,7,10,7,8,4,6,7,3,6,10,3,4,5,2,2,5,4,7,7,4,3,6,4,6,2,9,4,8,9,2,3,2,4,2,4,9,2,4,6,3,3,2,2,9,3,5,4,3,1,3,1,0,0,1,0,0,1,0,0,33,22,22,14,32,40,43,46,35,28,28,20,24,29,20,21,16,24,7
154,白鳥１丁目,3,5,6,9,5,5,5,2,10,6,4,11,5,10,7,6,10,7,7,6,14,14,9,11,3,8,7,5,7,7,9,8,5,7,7,8,9,9,10,11,15,12,7,12,14,12,9,25,15,17,17,12,18,12,10,11,17,15,11,7,13,13,21,14,16,14,18,15,15,25,21,17,15,13,11,6,7,11,8,9,3,8,3,7,3,4,5,3,3,2,3,3,2,1,1,3,1,0,0,0,0,28,28,37,36,51,34,36,47,60,78,69,61,77,87,77,41,24,17,14
155,白鳥２丁目,2,4,6,2,7,5,4,6,8,0,4,13,4,3,3,7,4,5,4,3,7,8,2,4,8,5,4,6,7,7,7,13,3,4,12,4,5,12,4,7,8,6,6,9,5,6,7,7,5,7,3,3,3,3,5,6,8,6,9,6,2,5,6,6,6,7,10,12,14,12,11,9,10,12,9,7,10,5,2,1,2,6,4,4,6,4,4,0,4,2,1,4,0,1,4,1,0,0,0,0,0,21,23,27,23,29,29,39,32,34,32,17,35,25,55,51,25,22,14,11
156,新田１丁目,7,12,9,13,7,7,5,2,12,6,4,8,6,8,8,4,2,8,5,6,8,6,8,17,10,26,13,15,17,16,19,22,22,18,17,24,14,8,12,14,16,21,11,10,14,17,15,21,18,8,14,14,12,7,14,6,10,11,21,9,18,14,10,10,16,11,14,11,11,11,12,5,11,10,3,9,10,12,13,6,5,13,11,10,11,10,6,5,9,10,5,3,6,2,3,2,0,0,0,0,1,48,32,34,25,49,87,98,72,72,79,61,57,68,58,41,50,50,40,22
157,新田２丁目,9,6,11,5,11,8,12,10,11,13,15,8,10,8,4,9,7,8,10,10,9,8,17,14,13,20,21,17,24,14,10,13,19,11,15,18,19,12,11,19,20,24,19,18,19,15,17,25,15,19,18,18,12,10,19,14,12,8,4,5,11,7,8,10,16,8,10,10,9,11,20,12,18,7,5,13,9,6,7,9,7,4,7,5,9,3,5,4,10,0,1,1,1,3,1,2,0,0,0,0,1,42,54,45,44,61,96,68,79,100,91,77,43,52,48,62,44,32,22,10
158,新田３丁目,11,5,9,6,5,11,8,10,11,13,9,12,11,7,4,11,3,10,5,5,13,6,8,17,9,10,11,13,7,20,13,14,14,13,14,18,17,14,12,15,14,15,12,14,15,13,15,16,17,11,18,10,9,9,10,11,9,11,9,5,4,10,5,9,7,13,7,9,8,10,4,9,14,6,6,10,10,10,8,8,9,8,6,8,3,4,1,7,3,4,3,1,2,7,0,0,0,1,0,0,0,36,53,43,34,53,61,68,76,70,72,56,45,35,47,39,46,34,19,14
159,新田４丁目,11,16,11,11,16,13,17,17,14,12,10,15,8,15,12,9,13,5,11,9,13,17,15,27,14,25,23,36,19,22,22,19,32,22,32,25,32,30,25,23,24,28,27,19,21,24,29,19,18,15,24,18,19,19,10,14,7,16,24,15,15,12,10,13,6,2,10,12,12,13,11,15,18,10,7,9,15,7,6,5,6,11,8,5,8,11,6,7,3,3,2,4,2,2,0,1,2,0,0,0,0,65,73,60,47,86,125,127,135,119,105,90,76,56,49,61,42,38,30,13
160,新田５丁目,2,6,7,6,9,8,3,3,6,3,4,6,9,10,5,3,5,6,2,6,6,2,6,9,11,15,16,8,8,7,13,13,9,8,13,14,5,9,10,6,6,10,9,11,8,17,10,11,10,14,5,8,11,7,7,7,7,6,7,8,9,6,7,5,7,5,2,11,8,0,9,6,5,6,1,3,2,3,0,2,1,1,3,1,0,3,0,4,0,1,0,1,1,0,0,1,1,0,1,0,0,30,23,34,22,34,54,56,44,44,62,38,35,34,26,27,10,6,8,5
161,新田東１丁目,13,8,8,11,6,7,4,4,6,10,10,3,11,10,8,5,4,5,8,8,4,0,4,3,4,9,0,9,7,10,11,7,7,7,10,7,15,6,6,10,10,25,10,16,17,12,16,17,11,14,7,11,11,7,3,5,4,6,2,2,6,7,4,3,5,3,2,5,4,4,1,2,1,1,1,0,2,3,2,1,1,0,1,0,1,3,0,0,0,1,0,0,0,0,0,0,0,0,0,0,0,46,31,42,30,15,35,42,44,78,70,39,19,25,18,6,8,3,4,0
162,新田東２丁目,17,24,17,22,11,20,17,14,21,22,21,23,31,20,24,21,26,19,13,13,14,15,11,12,11,14,18,20,26,26,24,23,28,32,20,25,27,34,20,30,30,32,50,44,46,46,54,44,41,37,34,31,32,25,22,15,9,10,11,14,6,5,3,13,8,6,9,5,9,6,6,6,8,3,4,7,5,5,3,3,2,5,5,0,2,0,0,1,3,3,1,1,2,2,4,0,0,1,1,1,0,91,94,119,92,63,104,127,136,202,222,144,59,35,35,27,23,14,7,13
163,新田東３丁目,6,7,9,8,8,9,6,4,9,4,4,3,6,9,5,3,7,6,4,5,2,5,9,10,11,15,11,8,15,9,8,8,9,16,13,16,8,8,16,8,16,12,8,15,13,7,18,13,4,15,6,6,7,5,1,9,6,5,2,5,6,2,2,3,1,2,3,0,1,3,0,0,2,3,1,1,2,0,0,1,0,1,2,0,1,1,2,0,0,0,0,0,1,0,0,0,0,0,0,0,0,38,32,27,25,37,58,54,56,64,57,25,27,14,9,6,4,4,3,1
164,新田東４丁目,2,1,2,2,2,3,4,1,2,7,5,5,3,4,3,3,3,0,2,0,2,0,1,0,0,1,0,1,0,0,0,2,1,1,2,4,6,5,2,9,5,3,5,6,2,2,6,5,2,4,2,3,3,3,1,2,2,2,1,1,0,0,1,0,1,0,0,0,0,0,0,0,1,2,0,0,0,0,0,0,1,0,0,0,0,0,0,0,0,0,0,0,0,0,0,0,0,0,0,0,0,9,17,20,8,3,2,6,26,21,19,12,8,2,0,3,0,1,0,0
165,新田東５丁目,4,5,3,2,1,2,0,3,2,1,6,4,3,2,5,2,3,2,5,3,0,0,3,1,3,3,4,7,9,6,6,2,5,6,4,2,5,3,7,4,5,3,3,6,5,4,10,12,4,6,4,1,8,4,2,1,0,1,3,3,2,1,0,0,3,3,0,0,1,1,1,1,2,2,0,0,2,2,0,1,0,0,2,0,0,0,0,1,0,0,0,0,0,0,1,0,0,0,0,0,0,15,8,20,15,7,29,23,21,22,36,19,8,6,5,6,5,2,1,1
166,自由ケ丘,7,1,3,4,3,4,4,11,4,5,7,3,2,13,5,6,6,3,4,3,4,4,0,3,6,4,6,5,8,9,5,5,1,7,8,9,3,8,8,2,11,9,6,8,12,10,10,14,8,4,11,9,9,5,8,7,4,8,12,14,9,8,6,5,3,3,6,6,8,5,11,7,9,8,6,6,5,8,11,7,9,4,10,5,9,9,6,5,4,6,4,6,2,4,4,4,0,1,1,1,1,18,28,30,22,17,32,26,30,46,46,42,45,31,28,41,37,37,30,28
167,仙石,0,0,1,2,2,3,6,4,3,1,4,4,4,5,2,4,2,8,6,3,2,6,5,3,3,3,3,3,3,3,2,10,2,3,3,4,2,8,5,2,3,2,3,3,4,15,5,11,7,5,10,6,9,6,3,7,11,5,7,6,10,9,15,10,15,8,10,13,10,10,11,9,9,12,5,3,3,3,3,5,3,3,2,0,2,3,3,0,1,0,0,0,0,1,0,0,0,0,0,0,0,5,17,19,23,19,15,20,21,15,43,34,36,59,51,46,17,10,7,1
168,仙台港北２丁目,x,x,x,x,x,x,x,x,x,x,x,x,x,x,x,x,x,x,x,x,x,x,x,x,x,x,x,x,x,x,x,x,x,x,x,x,x,x,x,x,x,x,x,x,x,x,x,x,x,x,x,x,x,x,x,x,x,x,x,x,x,x,x,x,x,x,x,x,x,x,x,x,x,x,x,x,x,x,x,x,x,x,x,x,x,x,x,x,x,x,x,x,x,x,x,x,x,x,x,x,x,0,0,0,0,0,0,0,0,0,0,1,0,0,0,0,0,0,0,0
169,高砂１丁目,16,13,8,11,9,11,4,5,3,9,6,7,6,7,5,8,10,5,8,13,8,15,17,23,16,27,15,24,23,18,15,17,20,17,27,20,20,11,10,19,19,15,26,10,16,28,18,17,20,17,28,16,15,13,21,17,17,22,19,8,7,15,13,7,10,7,7,9,10,9,12,9,10,4,4,3,7,8,3,8,2,7,4,9,7,5,2,4,3,4,4,5,4,2,2,0,1,0,3,0,2,57,32,31,44,79,107,96,80,86,100,93,83,52,42,39,29,29,18,23
170,高砂２丁目,6,6,2,4,4,1,0,4,1,2,3,3,3,2,4,4,5,7,9,7,4,6,14,11,4,4,9,7,12,7,9,10,5,7,9,9,5,5,5,3,2,7,4,11,6,7,4,11,6,3,3,7,4,6,3,4,4,8,7,3,3,3,2,3,5,5,4,4,5,4,7,6,10,5,3,2,1,3,2,3,2,3,5,1,2,2,4,2,1,2,1,0,0,1,1,0,0,1,1,0,0,22,8,15,32,39,39,40,27,30,31,23,26,16,22,31,11,13,11,5
183,田子,1,1,7,3,5,4,9,6,4,2,5,4,3,2,9,5,0,2,2,3,6,4,3,2,2,2,2,1,4,5,4,7,9,10,3,6,7,7,8,6,10,5,4,1,7,4,1,5,4,5,5,9,6,5,5,4,3,4,7,4,1,10,11,5,6,11,13,5,9,13,8,12,13,6,3,2,7,6,5,6,4,4,7,6,5,6,7,4,2,3,7,6,4,3,1,4,1,1,2,0,0,17,25,23,12,17,14,33,34,27,19,30,22,33,51,42,26,26,22,29
184,田子１丁目,9,8,6,6,8,9,6,7,11,12,11,9,15,9,6,9,10,5,12,10,19,11,15,8,11,14,14,16,15,8,16,13,18,20,19,19,11,9,17,13,16,18,15,17,18,19,16,19,18,16,23,11,17,9,15,10,9,13,10,7,15,18,10,11,9,12,16,18,9,14,23,14,10,6,12,5,9,10,13,6,5,11,4,5,7,6,4,3,2,3,1,1,2,0,0,0,0,0,0,0,0,37,45,50,46,64,67,86,69,84,88,75,49,63,69,65,43,32,18,4
185,田子２丁目,12,14,13,10,8,6,13,13,8,9,10,9,11,14,6,13,12,6,7,5,12,8,10,17,15,15,15,21,13,15,18,22,21,23,15,11,17,19,15,15,11,17,15,14,20,16,18,9,13,9,13,11,14,10,6,16,16,9,7,11,11,13,14,3,9,5,9,8,10,5,3,8,9,3,1,2,0,3,1,2,1,3,1,0,2,2,1,1,1,0,1,3,1,1,0,0,0,0,0,0,0,57,49,50,43,62,79,99,77,77,65,54,59,50,37,24,8,7,5,6
186,田子３丁目,3,11,13,6,9,13,13,4,10,8,18,13,12,18,12,11,14,13,15,17,10,14,12,13,22,12,10,11,7,11,8,15,11,19,13,7,14,16,17,12,11,16,26,8,10,23,25,24,17,22,16,17,11,12,10,15,16,14,16,8,5,10,8,8,11,16,10,15,13,8,13,12,9,7,7,8,9,6,8,3,6,6,4,7,4,7,4,1,3,4,0,6,1,0,0,0,2,0,0,0,0,42,48,73,70,71,51,66,66,71,111,66,69,42,62,48,34,27,19,9
187,田子西１丁目,3,7,5,2,4,2,6,6,3,5,7,7,7,4,1,7,4,1,5,2,0,3,0,3,4,2,1,1,5,2,1,6,3,5,9,4,7,6,4,4,9,2,9,4,3,3,6,5,3,6,3,2,5,0,1,5,2,5,3,1,3,2,2,6,5,5,9,4,4,3,7,5,8,7,3,1,4,1,5,4,4,4,5,2,0,1,1,1,0,2,0,0,0,0,0,0,0,0,0,0,0,21,22,26,19,10,11,24,25,27,23,11,16,18,25,30,15,15,5,0
188,田子西２丁目,1,3,2,2,3,5,5,6,4,3,6,1,5,4,6,4,4,2,3,3,2,3,3,2,1,0,2,1,2,3,2,3,5,5,7,2,7,8,7,6,6,9,8,1,2,7,7,7,8,5,1,8,6,6,5,6,3,5,5,4,1,8,1,2,6,5,4,8,4,6,5,5,4,6,5,3,11,7,6,6,3,4,3,2,4,4,4,4,2,0,0,3,1,0,0,0,1,0,0,0,0,11,23,22,16,11,8,22,30,26,34,26,23,18,27,25,33,16,14,5
189,田子西３丁目,2,3,2,2,5,1,3,0,1,2,0,0,1,2,2,1,3,1,2,2,1,1,0,2,1,2,0,3,2,1,2,2,1,5,2,3,2,5,3,4,2,6,3,1,4,2,1,1,2,2,1,2,2,3,3,0,2,3,5,4,2,1,1,4,7,2,2,6,3,0,4,3,4,4,2,3,1,0,1,0,0,3,1,2,1,1,1,2,0,0,3,3,0,1,2,0,0,1,0,0,0,14,7,5,9,5,8,12,17,16,8,11,14,15,13,17,5,7,4,10
190,榴ケ岡,9,9,7,8,8,10,8,11,11,14,12,16,6,7,11,6,13,6,8,17,14,6,8,4,12,11,11,13,13,9,10,13,11,7,24,20,25,27,25,28,23,24,28,23,20,31,23,24,22,27,12,11,19,15,16,15,16,13,15,5,15,7,10,17,12,8,7,7,13,6,14,7,10,6,5,5,6,3,3,2,5,6,1,3,4,2,1,2,2,3,1,2,3,0,0,1,0,0,0,0,0,41,54,52,50,44,57,65,125,118,127,73,64,61,41,42,19,19,10,7
191,榴岡１丁目,0,0,1,0,1,0,1,0,2,0,0,0,0,0,0,0,0,0,1,2,2,1,4,2,4,1,0,5,3,4,3,5,1,1,0,2,5,7,4,3,3,2,1,2,1,3,2,2,3,3,2,1,6,2,1,4,0,2,4,1,0,1,1,1,2,2,3,1,1,2,4,4,0,2,0,1,2,0,0,0,1,0,1,0,0,2,2,0,2,1,1,0,0,0,0,0,0,0,0,1,0,2,3,0,3,13,13,10,21,9,13,12,11,5,9,10,3,2,7,2
192,榴岡２丁目,6,2,1,5,4,4,3,0,0,0,2,1,4,0,3,3,4,1,6,2,0,6,3,7,2,4,3,6,5,5,1,3,4,4,7,4,7,4,4,6,6,4,4,5,2,4,6,9,5,7,5,8,6,3,5,0,7,2,5,3,4,4,4,2,2,2,3,3,4,2,1,1,4,3,0,3,0,1,0,1,0,0,1,1,2,1,0,3,2,1,0,0,0,0,0,0,0,0,0,0,0,18,7,10,16,18,23,19,25,21,31,27,17,16,14,9,5,4,7,0
193,榴岡３丁目,6,6,3,4,4,5,5,7,7,10,3,3,8,7,4,4,8,2,14,10,10,11,7,11,24,12,11,8,11,17,12,9,16,14,15,10,9,14,19,17,15,16,18,9,9,20,12,14,26,13,13,12,17,13,12,10,12,10,5,11,11,7,15,11,14,8,15,7,12,15,22,10,17,12,4,2,4,1,12,7,7,5,0,2,6,3,6,5,6,2,2,2,2,1,1,2,0,1,0,0,0,23,34,25,38,63,59,66,69,67,85,67,48,58,57,65,26,20,22,11
194,榴岡４丁目,1,2,3,2,4,4,2,3,3,3,2,1,3,0,3,1,4,2,1,1,3,2,5,4,7,2,4,1,2,13,5,4,6,4,4,3,8,6,7,6,3,6,6,8,6,7,4,4,6,4,3,9,6,3,4,3,7,7,5,5,7,2,4,5,5,8,7,6,10,4,4,12,5,11,4,8,3,10,6,6,2,6,10,5,4,4,1,1,5,3,2,1,2,2,0,0,1,0,0,0,0,12,15,9,9,21,22,23,30,29,25,25,27,23,35,36,33,27,14,8
195,榴岡５丁目,3,1,7,0,4,5,2,0,5,1,2,2,8,4,3,5,5,8,10,11,4,16,9,10,12,13,13,14,8,13,9,9,12,11,8,8,9,8,7,8,17,7,14,15,13,15,21,8,17,19,16,15,20,9,9,12,19,13,2,7,5,4,8,7,8,7,7,8,3,5,7,8,7,2,1,5,6,5,0,5,2,5,3,3,5,1,1,2,0,6,2,2,0,1,0,2,1,1,0,0,0,15,13,19,39,51,61,49,40,66,80,69,53,32,30,25,21,18,10,9
197,燕沢,x,x,x,x,x,x,x,x,x,x,x,x,x,x,x,x,x,x,x,x,x,x,x,x,x,x,x,x,x,x,x,x,x,x,x,x,x,x,x,x,x,x,x,x,x,x,x,x,x,x,x,x,x,x,x,x,x,x,x,x,x,x,x,x,x,x,x,x,x,x,x,x,x,x,x,x,x,x,x,x,x,x,x,x,x,x,x,x,x,x,x,x,x,x,x,x,x,x,x,x,x,0,0,0,0,0,0,1,0,0,0,0,0,1,0,0,0,0,0,0
198,燕沢１丁目,5,1,3,3,6,3,2,3,4,5,1,4,4,3,3,4,7,6,6,7,5,6,4,3,6,7,8,6,9,6,8,7,2,7,5,4,10,9,10,10,9,7,3,6,4,8,8,14,13,13,6,10,6,4,4,11,4,8,5,8,4,5,4,6,6,9,9,4,5,6,7,9,11,8,7,11,8,9,6,11,2,6,10,7,3,9,6,3,3,5,3,5,1,1,2,0,0,1,1,0,0,18,17,15,30,24,36,29,43,29,56,30,36,25,33,42,45,28,26,14
199,燕沢２丁目,5,5,6,4,5,3,5,5,4,8,6,4,4,8,9,3,8,7,9,7,8,10,1,9,7,7,4,8,4,7,8,9,9,13,9,11,9,6,11,7,8,12,9,9,7,9,8,17,10,8,15,16,11,5,13,16,13,15,15,9,8,8,15,8,16,8,9,6,9,16,10,13,11,7,8,10,8,5,4,8,6,5,12,10,7,9,10,6,8,4,4,6,3,3,2,0,2,1,0,0,2,25,25,31,34,35,30,48,44,45,52,60,68,55,48,49,35,40,37,23
200,燕沢３丁目,2,2,1,4,3,1,5,3,4,8,3,3,4,2,2,3,6,4,3,7,4,4,4,3,2,5,4,6,5,4,2,3,7,5,5,9,6,5,4,3,1,4,3,5,5,6,3,9,5,4,9,1,10,3,4,3,6,2,2,3,4,5,8,5,8,6,2,8,1,7,9,3,10,2,3,4,6,5,6,4,4,4,6,6,3,4,3,6,4,1,3,1,0,2,0,3,0,0,0,2,0,12,21,14,23,17,24,22,27,18,27,27,16,30,24,27,25,23,18,11
201,燕沢東１丁目,3,1,3,3,1,0,1,2,2,4,3,1,0,0,0,2,3,0,0,3,3,2,2,3,0,3,2,0,1,4,2,3,3,7,6,6,4,0,2,3,3,3,1,2,6,4,1,1,3,0,6,2,4,2,2,0,2,0,5,1,0,1,1,3,0,3,4,2,1,3,1,2,2,1,2,1,2,2,1,1,0,0,1,0,0,1,1,1,0,2,2,0,0,0,0,1,0,0,0,0,0,11,9,4,8,10,10,21,15,15,9,16,8,5,13,8,7,1,5,3
202,燕沢東２丁目,2,7,3,6,6,7,2,3,4,3,4,4,3,7,1,2,2,2,3,1,1,3,2,2,4,2,1,4,3,8,5,7,4,11,7,2,7,3,5,3,8,4,8,4,4,6,4,2,2,4,1,4,2,5,3,3,0,4,2,2,0,1,4,5,4,5,0,3,3,4,6,5,3,3,4,1,5,2,2,3,2,4,4,5,3,4,1,3,0,1,2,3,0,1,0,0,1,2,2,0,0,24,19,19,10,12,18,34,20,28,18,15,11,14,15,21,13,18,9,11
203,燕沢東３丁目,5,3,8,4,3,5,5,7,2,4,5,2,3,4,7,8,6,2,11,0,5,3,5,5,5,6,2,6,2,7,4,3,6,7,4,9,7,6,7,11,10,8,9,4,5,10,6,5,10,11,3,5,6,4,7,1,4,10,12,7,5,8,4,5,7,9,5,6,5,6,8,6,10,6,2,7,5,6,7,8,4,7,7,8,9,8,13,6,4,3,7,3,2,2,3,1,0,3,0,1,2,23,23,21,27,23,23,24,40,36,42,25,34,29,31,32,33,35,34,24
212,鶴ケ谷,2,4,1,1,2,2,1,1,2,0,2,0,2,5,2,1,3,1,1,2,0,5,5,9,6,4,2,4,4,4,3,4,1,4,0,2,1,5,3,2,2,4,0,4,1,2,5,3,3,2,4,4,5,6,4,1,2,1,5,2,2,2,3,2,0,5,1,1,3,4,4,3,4,2,0,5,5,2,5,5,3,2,1,2,4,2,6,3,1,3,5,3,2,3,1,1,0,0,1,1,0,10,6,11,8,25,18,12,13,11,15,23,11,9,14,13,22,12,15,17
213,鶴ケ谷１丁目,5,3,9,2,7,6,3,2,7,9,4,5,4,5,5,2,3,6,2,4,5,6,3,7,3,6,3,6,5,6,6,6,4,9,7,4,6,6,7,8,2,3,8,7,13,12,8,9,8,6,8,9,7,8,12,17,8,11,6,5,3,4,7,5,6,7,5,10,5,6,11,6,17,7,11,14,20,7,14,10,14,12,13,18,13,15,8,11,11,5,7,1,3,0,3,1,3,2,0,0,2,26,27,23,17,24,26,32,31,33,43,44,47,25,33,52,65,70,50,22
214,鶴ケ谷２丁目,5,8,7,14,5,4,7,11,18,5,10,14,8,9,11,8,7,4,4,8,8,12,6,11,6,5,8,7,6,6,9,4,13,6,8,10,12,6,13,6,8,13,12,12,12,15,15,20,17,13,10,21,15,13,8,17,11,16,10,15,12,17,19,3,23,15,24,25,20,19,17,31,26,31,9,35,35,25,24,21,22,26,22,13,19,13,11,10,12,9,2,6,2,6,5,2,2,2,2,0,2,39,45,52,31,43,32,40,47,57,80,67,69,74,103,114,140,102,55,31
215,鶴ケ谷３丁目,7,2,6,7,3,6,7,10,5,5,7,9,4,4,10,0,4,3,5,11,2,7,4,3,2,4,5,2,6,5,4,6,5,7,6,7,9,9,5,4,5,5,10,6,8,9,7,8,11,10,8,9,3,10,6,6,4,4,4,1,8,7,7,4,5,2,4,5,4,4,6,5,8,5,6,8,11,16,11,15,13,6,9,11,8,7,7,12,3,9,5,3,5,3,0,0,1,0,0,0,0,25,33,34,23,18,22,28,34,34,45,36,19,31,19,30,61,47,38,17
216,鶴ケ谷４丁目,2,3,4,4,4,12,4,2,4,5,4,5,5,3,1,6,5,4,8,2,1,9,2,6,5,4,7,7,4,7,1,5,4,9,5,6,7,13,5,8,11,6,7,9,11,8,8,5,9,9,12,8,7,17,11,9,9,4,7,3,9,10,7,4,6,3,5,3,7,9,9,14,9,9,4,10,16,17,13,15,20,11,15,22,18,13,6,13,6,4,7,4,3,3,1,3,2,1,2,0,0,17,27,18,25,23,29,24,39,44,39,55,32,36,27,45,71,86,42,26
217,鶴ケ谷５丁目,4,2,7,4,4,2,8,9,5,7,7,8,5,6,8,5,4,3,7,3,7,3,7,7,5,1,5,5,2,7,4,6,4,8,6,5,17,3,12,10,9,7,11,5,12,7,12,13,15,17,16,11,9,6,3,10,10,10,5,6,6,12,6,6,8,9,10,16,10,12,14,8,18,13,11,9,18,16,13,7,9,7,12,9,7,5,12,6,12,4,2,4,7,2,1,2,3,0,0,0,0,21,31,34,22,29,20,28,47,44,64,45,41,38,57,64,63,44,39,21
218,鶴ケ谷６丁目,1,3,3,3,7,4,5,11,7,4,5,10,4,7,4,6,10,4,9,11,8,4,6,6,3,5,3,5,5,12,8,8,10,8,8,9,7,13,8,5,9,6,10,14,12,18,17,19,19,12,27,15,17,17,16,25,12,13,15,21,15,17,14,21,16,18,23,20,29,31,26,26,49,21,25,32,34,17,30,26,23,25,21,20,15,16,15,14,14,6,6,4,7,6,5,2,3,2,1,2,0,17,31,30,40,27,30,42,42,51,85,92,86,83,121,147,139,104,65,38
219,鶴ケ谷７丁目,3,4,9,5,2,5,7,5,5,3,5,6,5,7,2,10,2,6,2,6,5,4,4,3,4,5,3,7,7,5,6,10,7,7,7,12,8,10,4,5,6,4,6,7,3,1,9,8,5,9,5,8,9,7,9,10,12,9,6,5,5,9,7,9,6,6,3,10,6,8,7,8,8,9,10,9,10,15,11,13,10,13,12,15,15,18,13,12,9,4,8,6,3,1,0,2,1,3,2,2,3,23,25,25,26,20,27,37,39,26,32,38,42,36,33,42,58,65,56,31
220,鶴ケ谷８丁目,1,3,5,3,2,3,1,1,1,0,2,1,2,1,5,1,3,2,4,4,3,1,5,4,3,3,5,4,3,5,3,1,4,4,6,3,2,5,1,4,2,3,3,3,6,1,2,8,7,4,8,5,4,4,9,7,6,7,9,7,10,3,3,9,4,1,3,1,9,4,5,4,3,2,2,9,5,5,5,4,10,7,10,11,9,12,9,5,8,7,4,3,2,4,0,4,1,0,1,0,1,14,6,11,14,16,20,18,15,17,22,30,36,29,18,16,28,47,41,20
221,鶴ケ谷北１丁目,1,1,0,2,1,0,2,0,1,2,1,1,3,4,2,1,3,1,1,2,2,3,0,1,1,0,0,1,2,2,2,3,3,2,1,2,2,2,5,4,4,2,3,4,3,2,7,4,3,3,3,0,1,1,2,5,1,0,4,3,3,1,2,5,5,6,6,6,6,12,11,7,11,9,2,2,8,4,9,4,6,4,3,2,4,2,3,3,3,2,1,1,2,1,1,1,0,0,0,0,1,5,5,11,8,7,5,11,15,16,19,7,13,16,36,40,27,19,13,8
222,鶴ケ谷北２丁目,0,1,2,0,0,2,1,1,0,2,0,1,2,3,4,2,1,2,1,1,3,4,2,2,2,0,3,1,1,2,0,2,2,2,2,1,1,0,3,6,3,3,3,6,2,4,2,4,4,8,3,1,4,1,1,2,2,3,3,2,1,4,1,3,3,4,3,4,4,5,7,9,10,6,5,4,4,1,6,1,5,1,2,1,1,0,1,1,1,2,2,0,0,0,1,1,0,0,0,0,0,3,6,10,7,13,7,8,11,17,22,10,12,12,20,37,16,10,5,4
223,鶴ケ谷東１丁目,2,2,9,4,2,4,3,4,1,2,4,2,2,0,1,4,0,5,2,3,1,2,1,2,2,1,5,2,5,3,2,1,6,4,7,4,4,4,1,5,3,3,5,4,3,7,3,3,5,5,7,3,2,1,2,3,1,1,3,1,1,1,1,3,2,3,1,1,2,4,4,2,5,7,3,6,1,3,3,2,6,1,3,1,4,2,4,0,1,0,2,0,1,1,1,0,1,0,1,0,0,19,14,9,14,8,16,20,18,18,23,15,9,8,11,21,15,15,7,7
224,鶴ケ谷東２丁目,3,5,1,4,4,5,4,3,10,5,5,10,6,2,2,5,8,5,3,6,4,5,8,2,1,6,7,6,9,2,7,7,6,6,6,12,6,10,6,13,14,6,12,7,5,7,11,6,11,13,14,9,5,5,5,6,5,7,4,5,7,11,6,12,9,12,8,7,12,12,16,10,19,7,9,7,5,9,4,6,9,4,5,2,2,4,3,3,4,1,3,1,1,2,3,0,0,0,0,0,0,17,27,25,27,20,30,32,47,44,48,38,27,45,51,61,31,22,15,10
225,鶴ケ谷東３丁目,4,4,7,8,12,9,9,7,6,5,6,3,4,3,1,4,4,1,3,1,4,1,2,4,8,2,2,2,3,1,6,6,5,8,7,9,4,8,15,12,8,5,8,6,10,5,9,3,5,6,4,3,4,5,4,1,2,5,3,4,11,3,3,7,5,4,9,11,10,12,16,12,12,4,7,8,7,11,4,2,3,3,2,5,2,2,1,2,0,0,1,0,1,0,0,0,1,0,2,0,0,35,36,17,13,19,10,32,48,37,28,20,15,29,46,51,32,15,5,5
226,鶴ケ谷東４丁目,4,2,2,4,4,4,1,1,3,1,2,4,3,0,7,4,2,4,1,3,4,3,2,3,2,4,4,4,4,0,3,6,5,6,4,8,8,5,11,8,6,2,3,9,7,5,6,12,4,7,6,8,6,1,7,3,3,2,6,3,1,7,2,5,7,2,4,9,6,4,5,6,4,4,4,2,5,4,3,1,3,1,4,1,2,1,3,1,2,1,1,1,2,2,1,0,1,0,0,1,0,16,10,16,14,14,16,24,40,27,34,28,17,22,25,23,15,11,8,9
227,鶴巻１丁目,3,4,2,3,3,4,4,7,6,4,6,8,7,6,10,7,4,7,10,5,3,5,5,5,6,6,7,9,9,5,4,1,10,5,11,6,6,7,7,8,3,9,14,6,7,10,7,13,8,10,6,6,8,3,2,7,7,5,4,8,7,8,3,4,3,5,5,3,5,6,4,5,3,5,1,3,3,4,5,2,4,2,4,2,5,2,3,2,2,2,4,5,1,0,1,1,0,0,0,0,0,15,25,37,33,24,36,31,34,39,48,25,31,25,24,18,17,17,11,12
228,鶴巻２丁目,0,0,0,1,0,0,1,0,3,0,1,0,1,0,1,0,0,0,0,2,0,0,1,0,1,0,1,0,1,1,1,0,0,1,0,2,2,1,0,0,0,0,0,2,1,1,3,1,3,1,1,1,2,0,0,1,1,1,1,1,1,0,3,0,1,1,0,0,1,1,1,2,1,2,0,1,1,0,1,0,0,0,1,0,4,0,1,0,1,0,0,0,0,0,0,0,1,0,0,0,0,1,4,3,2,2,3,2,5,3,9,4,5,5,3,6,3,5,2,1
229,鉄砲町,x,x,x,x,x,x,x,x,x,x,x,x,x,x,x,x,x,x,x,x,x,x,x,x,x,x,x,x,x,x,x,x,x,x,x,x,x,x,x,x,x,x,x,x,x,x,x,x,x,x,x,x,x,x,x,x,x,x,x,x,x,x,x,x,x,x,x,x,x,x,x,x,x,x,x,x,x,x,x,x,x,x,x,x,x,x,x,x,x,x,x,x,x,x,x,x,x,x,x,x,x,0,0,0,0,0,0,0,0,0,1,0,1,0,0,1,0,1,0,0
230,鉄砲町中,5,6,0,2,1,1,0,0,0,1,1,0,2,0,0,1,0,0,4,11,5,5,7,9,7,9,12,12,14,9,6,11,10,9,3,7,11,1,8,4,7,5,3,2,0,2,4,4,0,6,6,6,4,3,1,4,3,0,1,2,2,0,0,2,3,1,0,0,2,2,3,2,1,2,0,2,1,0,0,3,0,0,2,4,0,0,0,0,1,1,1,0,1,0,0,0,1,0,0,0,0,14,2,3,16,33,56,39,31,17,16,20,10,7,5,8,6,6,2,3
231,鉄砲町西,1,0,3,0,0,1,1,3,2,2,0,1,0,0,0,3,1,4,0,2,3,1,3,6,6,3,1,2,4,6,1,3,3,5,2,4,3,1,4,4,2,2,4,6,9,6,5,13,6,5,4,4,5,5,4,4,3,6,2,2,2,5,3,4,0,2,1,2,4,3,1,3,2,2,3,1,2,1,2,0,0,0,0,1,2,1,1,1,1,0,1,0,0,2,0,0,0,0,0,0,0,4,9,1,10,19,16,14,16,23,35,22,17,14,12,11,6,3,4,3
232,鉄砲町東,9,10,11,7,13,3,5,6,3,5,3,5,2,3,3,3,3,5,2,2,3,6,5,9,11,4,8,3,9,7,12,10,12,19,14,19,15,15,8,13,11,16,9,10,7,9,10,9,6,2,11,8,3,7,6,4,6,5,5,7,5,4,6,4,4,4,3,3,7,7,5,4,2,1,8,2,4,4,3,1,1,1,1,0,1,1,2,3,1,0,1,3,2,0,0,0,0,1,0,1,0,50,22,16,15,34,31,67,70,53,36,35,27,23,24,20,14,4,7,8
233,名掛丁,0,5,1,4,0,2,2,1,1,0,1,0,0,0,2,0,2,1,1,3,1,1,4,2,1,6,1,1,4,3,3,4,8,5,3,6,3,1,2,5,2,4,3,8,1,6,3,3,2,1,1,0,4,3,3,2,5,2,0,0,2,3,2,4,1,5,0,0,1,3,3,6,0,1,1,3,2,0,1,2,1,0,1,1,1,1,1,0,1,4,1,0,0,0,0,1,0,0,0,0,0,10,6,3,7,9,15,23,17,18,15,11,9,12,9,11,8,4,7,2
244,中野,2,5,3,3,3,4,4,5,10,2,4,2,4,4,6,4,3,5,6,3,8,8,11,6,9,13,6,10,11,5,7,7,9,7,11,6,8,8,7,8,8,8,7,10,7,8,9,10,8,12,8,7,8,10,9,5,7,10,5,9,10,7,5,1,2,9,4,8,3,5,7,8,13,5,4,3,5,9,14,8,6,1,6,4,6,3,5,4,1,3,0,2,1,2,1,0,1,0,1,0,0,16,25,20,21,42,45,41,37,40,47,42,36,25,29,37,39,23,16,8
245,中野１丁目,9,6,2,7,4,7,5,4,4,3,3,5,2,3,3,3,6,1,5,1,5,3,1,4,4,5,6,7,5,4,7,6,11,7,7,6,5,6,6,7,7,3,7,3,9,7,10,4,6,2,3,8,5,3,4,5,4,5,4,2,3,3,2,2,4,5,1,3,5,2,8,5,3,2,0,2,0,4,5,2,1,1,3,1,4,1,2,2,4,4,1,2,3,0,0,0,1,0,0,0,1,28,23,16,16,17,27,38,30,29,29,23,20,14,16,18,13,10,13,8
246,中野２丁目,3,5,2,3,2,1,5,5,3,4,8,4,1,1,5,2,7,1,5,2,2,1,1,2,4,2,2,4,2,5,9,1,5,3,7,7,2,1,4,5,3,8,7,6,7,5,10,11,8,6,3,4,3,5,4,3,3,5,3,3,2,1,2,3,1,4,1,1,3,3,1,2,3,0,1,3,0,0,0,0,2,1,0,1,0,2,0,2,0,2,0,1,0,0,1,0,1,0,0,0,0,15,18,19,17,10,15,25,19,31,40,19,17,9,12,7,3,4,6,3
247,中野３丁目,x,x,x,x,x,x,x,x,x,x,x,x,x,x,x,x,x,x,x,x,x,x,x,x,x,x,x,x,x,x,x,x,x,x,x,x,x,x,x,x,x,x,x,x,x,x,x,x,x,x,x,x,x,x,x,x,x,x,x,x,x,x,x,x,x,x,x,x,x,x,x,x,x,x,x,x,x,x,x,x,x,x,x,x,x,x,x,x,x,x,x,x,x,x,x,x,x,x,x,x,x,0,0,0,0,0,0,0,0,0,0,0,1,0,0,0,0,0,0,0
248,中野４丁目,0,0,0,0,0,0,0,0,0,0,0,0,0,0,0,0,0,0,0,0,0,0,0,0,0,0,0,0,0,0,0,0,0,0,0,0,0,0,0,0,0,0,0,0,0,0,0,0,0,0,0,0,0,0,0,0,0,0,0,0,0,0,0,0,0,0,0,0,0,0,0,0,0,0,0,0,0,0,0,0,0,0,0,0,0,0,0,0,0,0,0,0,0,0,0,0,0,0,0,0,0,0,0,0,0,0,0,0,0,0,0,0,0,0,0,0,0,0,0,0
249,中野５丁目,x,x,x,x,x,x,x,x,x,x,x,x,x,x,x,x,x,x,x,x,x,x,x,x,x,x,x,x,x,x,x,x,x,x,x,x,x,x,x,x,x,x,x,x,x,x,x,x,x,x,x,x,x,x,x,x,x,x,x,x,x,x,x,x,x,x,x,x,x,x,x,x,x,x,x,x,x,x,x,x,x,x,x,x,x,x,x,x,x,x,x,x,x,x,x,x,x,x,x,x,x,0,0,0,0,0,0,0,0,1,0,0,0,0,0,0,1,0,0,0
250,苦竹１丁目,4,2,5,1,5,3,4,4,0,5,2,2,0,4,5,3,10,7,3,6,6,7,14,12,15,17,14,12,16,13,9,8,9,11,7,11,15,7,4,9,7,7,6,17,13,14,11,13,9,7,11,10,8,9,7,8,14,9,14,9,13,4,11,5,10,15,7,16,8,13,11,12,8,13,6,11,7,6,12,9,6,3,5,9,8,2,5,3,3,5,2,1,2,4,1,2,0,2,2,0,1,17,16,13,29,54,72,44,46,50,54,45,54,43,59,50,45,31,18,17
251,苦竹２丁目,3,0,0,0,0,1,2,2,3,4,2,1,3,1,3,1,2,5,0,1,3,0,7,2,3,5,4,3,7,3,4,5,6,11,4,1,5,5,8,1,6,2,8,7,4,8,5,5,7,4,6,1,1,1,4,6,4,1,4,4,3,4,0,3,3,3,0,5,1,2,0,2,1,0,1,0,0,1,0,0,1,0,1,1,0,0,1,0,0,1,0,0,1,0,1,0,0,0,1,0,0,3,12,10,9,15,22,30,20,27,29,13,19,13,11,4,1,3,2,3
252,苦竹３丁目,x,x,x,x,x,x,x,x,x,x,x,x,x,x,x,x,x,x,x,x,x,x,x,x,x,x,x,x,x,x,x,x,x,x,x,x,x,x,x,x,x,x,x,x,x,x,x,x,x,x,x,x,x,x,x,x,x,x,x,x,x,x,x,x,x,x,x,x,x,x,x,x,x,x,x,x,x,x,x,x,x,x,x,x,x,x,x,x,x,x,x,x,x,x,x,x,x,x,x,x,x,0,0,0,0,0,0,1,0,0,0,1,0,0,0,0,0,0,0,0
253,苦竹４丁目,0,0,0,0,0,0,0,0,0,0,0,0,0,0,0,0,0,0,0,0,0,0,0,0,0,0,0,0,0,0,0,0,0,0,0,0,0,0,0,0,0,0,0,0,0,0,0,0,0,0,0,0,0,0,0,0,0,0,0,0,0,0,0,0,0,0,0,0,0,0,0,0,0,0,0,0,0,0,0,0,0,0,0,0,0,0,0,0,0,0,0,0,0,0,0,0,0,0,0,0,0,0,0,0,0,0,0,0,0,0,0,0,0,0,0,0,0,0,0,0
254,西宮城野,1,6,2,2,7,3,4,5,5,2,2,2,5,2,1,2,4,5,3,4,7,6,8,8,5,6,7,11,10,12,4,7,10,11,10,7,5,16,18,10,5,11,5,10,6,9,14,6,7,9,5,7,12,6,7,6,8,5,6,4,8,10,4,6,2,6,6,6,5,7,8,6,2,3,4,0,2,2,1,2,3,1,0,3,1,1,0,1,1,1,0,1,4,1,0,1,0,0,1,0,0,18,19,12,18,34,46,42,56,37,45,37,29,30,30,23,7,8,4,8
255,二十人町,7,12,6,4,8,4,2,8,5,7,2,3,9,0,5,3,1,2,2,4,7,9,16,20,14,22,24,23,14,15,20,23,16,9,17,6,16,15,22,17,13,14,8,16,12,6,14,11,14,5,10,7,5,5,6,10,5,3,6,6,2,7,2,3,2,5,4,1,4,4,4,6,2,1,4,3,3,3,2,2,3,1,3,3,2,3,2,0,1,0,1,1,0,2,0,0,0,0,1,0,0,37,26,19,12,66,98,85,76,63,50,33,30,16,18,17,13,12,6,5
256,二十人町通,x,x,x,x,x,x,x,x,x,x,x,x,x,x,x,x,x,x,x,x,x,x,x,x,x,x,x,x,x,x,x,x,x,x,x,x,x,x,x,x,x,x,x,x,x,x,x,x,x,x,x,x,x,x,x,x,x,x,x,x,x,x,x,x,x,x,x,x,x,x,x,x,x,x,x,x,x,x,x,x,x,x,x,x,x,x,x,x,x,x,x,x,x,x,x,x,x,x,x,x,x,0,0,0,0,0,0,0,0,0,0,0,0,0,1,0,0,0,0,0
257,二の森,3,13,7,9,11,9,7,4,12,7,6,6,7,4,5,10,11,9,8,4,9,11,14,5,6,10,7,12,11,11,8,13,10,13,12,14,11,15,16,15,13,18,12,13,21,14,13,18,16,15,16,22,13,18,21,7,16,10,14,15,11,8,9,11,13,6,20,13,8,14,9,8,18,5,7,7,10,10,8,6,8,4,14,12,6,5,8,4,10,4,5,3,1,1,6,2,0,1,1,0,1,43,39,28,42,45,51,56,71,77,76,90,62,52,61,47,41,44,31,21
258,萩野町１丁目,2,5,3,7,7,5,2,7,5,1,3,3,5,7,3,5,4,6,7,10,6,5,17,8,10,8,14,6,8,12,8,11,11,9,12,10,11,9,9,9,16,7,7,9,10,12,9,11,9,13,7,7,6,6,5,11,9,5,8,7,8,5,7,8,5,4,7,4,5,10,10,8,4,7,3,4,4,4,3,1,3,4,2,2,6,2,10,3,2,1,2,2,3,2,0,0,0,1,2,0,0,24,20,21,32,46,48,51,48,49,54,31,40,33,30,32,16,17,18,12
259,萩野町２丁目,6,2,8,3,6,6,6,4,2,7,5,8,6,8,6,7,9,5,12,11,6,6,6,7,9,10,14,6,9,11,8,9,12,8,14,5,9,8,11,8,11,8,10,10,9,12,14,11,10,8,12,8,17,10,11,5,15,17,10,8,6,8,8,6,5,4,5,5,3,1,2,8,3,3,4,4,4,5,2,3,3,2,1,4,1,4,4,3,4,1,1,0,1,5,3,1,0,0,0,0,2,25,25,33,44,34,50,51,41,48,55,58,55,33,18,20,18,11,16,13
260,萩野町３丁目,3,8,6,5,3,5,7,4,8,1,9,4,2,4,6,5,5,6,8,9,3,3,14,12,6,13,10,14,12,15,16,11,17,10,17,12,17,14,13,8,9,7,10,9,20,11,15,13,12,18,10,10,13,12,6,13,10,6,13,7,10,7,6,10,16,5,5,10,7,5,4,13,13,11,8,7,12,4,9,8,6,9,6,10,4,2,3,7,3,11,3,2,2,0,2,0,2,0,1,0,1,25,25,25,33,38,64,71,64,55,69,51,49,49,32,49,40,35,26,13
261,萩野町４丁目,3,6,9,3,7,5,7,5,6,5,5,2,1,2,4,4,6,7,7,6,5,5,7,13,11,12,6,12,11,7,6,11,11,12,16,14,11,8,17,10,8,12,6,4,5,14,12,11,9,14,9,4,9,6,9,6,4,4,4,6,4,5,5,8,8,8,4,6,3,3,4,9,5,3,1,5,3,5,4,2,2,4,2,3,1,3,1,0,1,0,1,1,1,0,0,0,0,0,0,0,0,28,28,14,30,41,48,56,60,35,60,37,24,30,24,22,19,12,5,3
263,原町南目,0,0,0,1,1,0,0,0,0,0,0,0,0,0,0,0,1,0,0,0,1,0,0,1,0,1,2,0,2,1,3,0,1,2,0,3,2,1,0,0,1,0,2,0,0,0,1,1,2,0,0,0,0,1,0,0,0,0,1,0,0,2,0,0,1,0,0,0,0,0,0,1,0,0,0,0,1,0,0,0,1,0,0,1,0,0,0,0,0,0,0,0,0,0,0,0,0,0,0,0,0,2,0,0,1,2,6,6,6,3,4,1,1,3,0,1,1,2,0,0
264,原町１丁目,9,4,6,5,5,2,3,8,6,1,5,7,5,3,5,6,9,3,6,8,10,17,9,5,12,19,17,11,4,11,10,12,16,17,8,14,12,11,13,15,11,6,12,13,11,7,10,11,12,24,10,17,14,16,8,24,10,10,14,15,15,9,13,14,9,4,8,8,8,10,12,5,18,8,7,10,10,2,4,5,7,4,4,6,7,5,7,9,7,1,3,2,2,1,1,0,1,0,0,1,1,29,20,25,32,53,62,63,65,53,64,65,73,60,38,50,31,28,29,12
265,原町２丁目,8,3,9,8,3,3,3,9,4,10,7,9,9,1,2,6,9,5,8,6,5,9,5,9,6,8,14,8,8,12,8,13,11,12,11,5,15,5,13,10,18,18,15,10,11,11,14,10,5,6,11,11,7,6,4,9,1,5,9,13,6,3,5,8,6,7,9,8,5,3,6,8,7,6,4,0,8,3,5,5,5,2,8,4,4,2,4,5,4,6,1,1,0,3,4,1,1,0,1,0,0,31,29,28,34,34,50,55,48,72,46,39,37,28,32,31,21,23,21,12
266,原町３丁目,4,4,4,6,9,1,5,3,4,1,4,2,2,2,1,2,1,2,6,2,7,6,8,10,12,16,10,10,8,14,10,15,9,14,13,7,10,7,9,9,6,6,10,11,12,9,11,3,7,5,11,4,11,6,8,7,4,3,6,6,4,3,3,10,2,4,7,3,6,5,6,8,3,4,4,2,6,2,5,5,3,2,4,7,3,4,0,1,1,2,1,1,1,1,0,0,0,1,1,0,0,27,14,11,13,43,58,61,42,45,35,40,26,22,25,25,20,19,8,6
267,原町４丁目,1,5,5,0,3,7,2,1,5,4,1,0,0,2,1,0,3,4,2,2,5,8,3,7,6,6,5,4,4,10,8,6,2,11,3,2,7,9,8,2,8,4,7,3,6,2,1,6,6,2,7,6,4,3,3,3,4,8,7,9,9,3,5,3,3,13,3,2,5,5,3,5,3,1,3,1,2,1,1,2,3,0,1,0,3,2,2,0,3,1,0,0,3,0,2,1,0,0,0,0,0,14,19,4,11,29,29,30,28,28,17,23,31,23,28,15,7,7,8,6
268,原町５丁目,4,6,3,6,2,1,3,1,2,0,0,3,2,4,3,1,2,1,4,2,6,9,12,9,10,9,16,8,8,6,12,7,17,6,9,7,11,8,5,7,8,9,8,1,4,5,13,4,6,6,5,4,2,6,2,7,3,4,7,6,5,4,5,4,7,12,4,6,9,8,8,9,2,2,3,3,2,7,0,5,7,3,4,5,6,7,3,8,2,1,2,2,2,0,0,2,1,1,0,0,2,21,7,12,10,46,47,51,38,30,34,19,27,25,39,24,17,25,21,12
269,原町６丁目,4,0,0,3,2,3,3,0,1,0,1,0,0,2,1,1,3,1,3,2,3,3,3,5,0,2,3,2,5,4,7,5,1,5,0,1,2,3,0,0,1,2,2,3,3,1,3,4,1,1,0,2,1,3,2,1,2,1,0,0,0,2,0,0,2,3,3,5,3,2,2,0,2,1,1,0,3,2,1,1,3,1,0,0,1,0,1,2,2,1,0,1,0,0,0,0,0,0,0,0,0,9,7,4,10,14,16,18,6,11,10,8,4,4,16,6,7,5,6,1
270,東仙台１丁目,5,4,5,3,3,6,7,4,8,3,5,9,5,10,5,2,4,8,5,6,9,19,16,18,17,13,15,20,12,13,7,12,6,12,14,10,13,16,14,10,11,7,8,8,17,13,8,9,13,9,6,12,8,3,13,14,3,10,10,1,10,11,9,8,5,7,6,11,11,7,10,12,15,9,4,10,9,7,12,7,7,2,8,9,5,4,2,2,10,6,5,0,2,3,5,1,2,4,0,0,1,20,28,34,25,79,73,51,63,51,52,42,38,43,42,50,45,31,24,23
271,東仙台２丁目,6,2,4,0,7,3,4,8,8,4,5,2,4,6,4,4,0,7,3,3,10,15,14,13,17,16,6,9,15,12,19,10,10,10,7,11,5,10,11,9,11,5,5,13,10,13,19,9,15,9,8,7,8,12,11,6,8,5,8,6,2,4,7,4,9,7,7,5,6,9,8,6,4,3,3,4,4,3,4,1,3,3,4,5,2,2,2,3,0,0,1,2,3,1,0,1,1,0,2,0,0,19,27,21,17,69,58,56,46,44,65,46,33,26,34,24,16,17,7,11
272,東仙台３丁目,3,2,3,2,1,1,2,1,1,1,0,2,2,2,2,5,1,0,3,1,2,4,7,4,4,7,6,10,6,5,6,0,6,5,6,8,7,7,4,6,6,4,1,1,5,7,5,4,4,6,7,0,6,7,10,2,3,2,5,7,5,1,3,5,3,1,1,5,11,3,4,9,9,5,3,2,8,2,5,2,2,9,5,2,6,6,3,3,2,2,0,1,2,0,0,0,0,0,0,0,0,11,6,8,10,21,34,23,32,17,26,30,19,17,21,30,19,24,16,3
273,東仙台４丁目,6,4,4,7,8,9,17,17,15,11,25,18,10,16,11,11,12,12,9,5,4,10,8,5,3,11,5,4,6,5,8,7,6,12,19,9,14,17,12,17,14,17,17,18,19,15,20,21,18,20,11,14,12,10,9,9,12,6,10,6,6,11,7,9,9,5,6,7,5,8,3,5,5,2,7,1,5,1,8,1,2,1,5,2,2,1,6,2,1,1,0,1,1,1,0,0,0,0,0,0,0,29,69,80,49,30,31,52,69,85,94,56,43,42,31,22,16,12,11,3
274,東仙台５丁目,3,4,4,3,4,7,2,3,1,3,1,6,6,5,0,2,5,7,7,8,7,11,10,7,3,5,12,9,6,3,7,7,10,9,13,3,7,8,11,11,4,9,5,8,8,12,8,9,9,11,11,4,12,10,13,11,7,5,7,8,3,9,8,6,12,9,5,11,14,5,10,13,16,16,13,5,7,11,13,9,7,5,6,3,4,10,7,4,2,5,5,4,4,3,1,1,2,1,4,0,0,18,16,18,29,38,35,46,40,34,49,50,38,38,44,68,45,25,28,25
275,東仙台６丁目,2,6,2,6,2,4,2,12,3,4,5,5,5,6,4,5,5,6,5,7,4,13,9,12,4,11,7,3,10,3,4,4,4,11,9,5,9,8,5,6,10,4,11,6,8,9,9,4,10,14,10,8,10,8,4,8,9,11,6,6,9,14,6,7,8,13,7,6,9,12,6,6,8,3,5,6,5,4,4,4,4,5,5,3,5,8,6,6,3,10,3,6,4,7,7,3,2,2,2,0,3,18,25,25,28,42,34,32,33,39,46,40,40,44,47,28,23,22,33,39
276,東仙台７丁目,3,3,3,4,8,3,4,4,1,2,3,5,0,1,2,1,2,5,2,4,6,5,3,2,2,6,1,4,8,5,6,8,5,6,9,4,3,5,5,4,8,3,8,6,6,6,7,6,1,4,6,4,2,4,3,5,3,5,3,2,8,8,4,8,5,9,5,5,8,6,7,7,4,3,2,8,5,5,7,5,3,1,6,3,3,3,1,1,4,0,0,1,3,0,1,3,1,0,1,0,0,21,14,11,14,18,24,34,21,31,24,19,18,33,33,23,30,16,9,10
277,東宮城野,3,5,6,4,7,8,10,4,14,7,8,6,7,4,9,13,4,9,10,11,10,15,15,10,13,16,11,8,11,11,9,6,8,5,8,10,12,13,9,5,9,7,8,9,7,10,9,16,11,8,13,7,9,7,2,8,6,11,5,9,6,6,7,2,5,9,4,10,5,6,6,10,10,9,2,5,7,4,4,4,2,0,4,5,5,2,3,0,2,1,2,0,0,1,1,0,0,0,0,0,0,25,43,34,47,63,57,36,49,40,54,38,39,26,34,37,24,16,8,4
278,日の出町１丁目,x,x,x,x,x,x,x,x,x,x,x,x,x,x,x,x,x,x,x,x,x,x,x,x,x,x,x,x,x,x,x,x,x,x,x,x,x,x,x,x,x,x,x,x,x,x,x,x,x,x,x,x,x,x,x,x,x,x,x,x,x,x,x,x,x,x,x,x,x,x,x,x,x,x,x,x,x,x,x,x,x,x,x,x,x,x,x,x,x,x,x,x,x,x,x,x,x,x,x,x,x,0,0,0,0,0,0,0,0,0,0,1,0,0,0,0,0,0,1,0
279,日の出町２丁目,x,x,x,x,x,x,x,x,x,x,x,x,x,x,x,x,x,x,x,x,x,x,x,x,x,x,x,x,x,x,x,x,x,x,x,x,x,x,x,x,x,x,x,x,x,x,x,x,x,x,x,x,x,x,x,x,x,x,x,x,x,x,x,x,x,x,x,x,x,x,x,x,x,x,x,x,x,x,x,x,x,x,x,x,x,x,x,x,x,x,x,x,x,x,x,x,x,x,x,x,x,0,0,0,0,0,0,0,0,0,0,1,0,0,0,0,1,0,0,0
280,日の出町３丁目,0,0,0,0,0,0,0,0,0,0,0,0,0,0,0,0,0,0,0,0,0,0,0,0,0,0,0,0,0,0,0,0,0,0,0,0,0,0,0,0,1,0,0,0,0,0,1,0,0,0,0,0,0,1,0,0,1,0,0,0,0,0,0,0,0,0,0,1,0,0,0,1,1,0,0,1,0,0,0,1,0,0,0,0,1,0,0,0,0,0,0,0,0,1,0,0,0,0,0,0,0,0,0,0,0,0,0,0,0,1,1,1,1,0,1,2,2,1,0,1
281,福住町,4,3,7,7,6,5,5,4,7,9,3,4,8,4,2,6,5,12,6,7,10,11,9,18,7,15,7,10,10,11,3,10,10,7,10,9,14,4,7,8,4,14,12,9,16,13,15,15,8,14,3,15,12,3,9,5,12,11,9,7,8,8,8,6,8,9,8,5,5,11,11,12,11,6,8,8,10,13,6,3,9,7,8,7,5,5,3,1,1,3,4,2,2,0,2,1,1,2,0,0,1,27,30,21,36,55,53,40,42,55,65,42,44,38,38,48,40,36,13,15
282,福田町１丁目,4,10,6,3,3,6,4,9,7,6,5,4,3,9,3,5,4,4,3,5,7,9,11,4,5,9,7,4,8,8,10,9,4,7,6,13,15,5,8,9,10,9,11,10,14,10,11,12,9,13,7,8,7,11,10,7,8,15,6,11,6,11,9,4,4,5,4,10,4,3,3,5,9,5,3,5,3,4,5,4,8,2,4,4,3,5,3,1,1,3,4,3,2,0,0,3,0,0,0,0,0,26,32,24,21,36,36,36,50,54,55,43,47,34,26,25,21,21,13,12
283,福田町２丁目,17,11,14,9,19,13,14,13,11,12,8,11,6,8,6,11,9,11,7,11,6,16,17,15,22,26,19,27,17,26,19,18,20,22,20,27,22,24,20,29,23,23,19,18,25,24,12,23,8,19,15,7,8,9,15,15,16,15,15,9,17,10,9,14,13,9,5,9,20,16,20,12,7,11,1,9,8,14,7,8,11,8,5,3,4,9,4,7,8,6,3,3,3,1,4,0,1,0,0,0,0,70,63,39,49,76,115,99,122,108,86,54,70,63,59,51,46,31,34,15
284,福田町３丁目,2,1,3,1,3,0,6,0,2,2,4,2,3,2,3,1,3,0,0,1,0,1,2,7,3,3,2,1,4,1,6,3,4,2,3,2,2,7,1,1,3,3,0,3,8,4,4,2,6,2,4,4,4,0,4,2,2,2,1,0,3,3,5,2,2,4,2,1,2,1,5,4,4,4,0,2,3,1,2,2,1,4,2,0,0,4,0,0,1,1,2,1,0,0,0,0,1,1,0,0,0,10,10,14,5,13,11,18,13,17,18,16,7,15,10,17,10,7,6,5
285,福田町４丁目,5,4,0,0,3,2,4,4,3,4,3,3,1,0,2,6,4,3,3,4,2,8,2,3,5,6,5,2,4,5,5,4,4,6,7,5,3,5,4,9,1,9,6,6,2,6,9,5,8,5,7,6,7,6,5,4,2,5,1,5,5,5,1,3,6,7,3,10,6,3,6,4,3,1,4,3,5,1,4,4,4,0,1,3,1,0,0,1,2,4,1,1,2,1,0,0,0,0,0,1,0,12,17,9,20,20,22,26,26,24,33,31,17,20,29,18,17,9,7,6
286,福田町南１丁目,2,0,1,2,6,1,4,0,2,1,0,0,1,1,0,1,0,2,0,4,3,1,1,2,1,1,1,1,3,1,3,4,2,5,1,3,3,4,3,2,0,3,1,4,0,1,6,4,3,2,1,2,0,0,2,2,2,1,1,0,2,0,0,1,0,1,0,4,1,3,0,1,1,1,0,1,0,1,1,4,3,0,2,1,2,0,0,2,0,0,1,0,0,1,0,0,0,0,0,0,0,11,8,2,7,8,7,15,15,8,16,5,6,3,9,3,7,8,2,2
287,福田町南２丁目,0,0,0,0,0,0,0,0,0,0,1,0,0,1,0,1,0,1,0,1,0,0,0,0,0,0,0,0,0,0,0,1,0,0,0,0,0,0,0,0,0,0,0,0,2,2,0,2,0,0,1,0,0,0,0,0,0,0,0,1,0,1,0,0,0,0,0,0,1,2,0,2,0,0,0,0,0,0,0,1,0,0,0,2,0,1,0,0,0,0,0,0,0,0,0,0,1,0,0,0,0,0,0,2,3,0,0,1,0,2,4,1,1,1,3,2,1,2,1,1
302,福室,1,4,2,2,6,5,1,5,3,4,4,6,5,8,6,1,7,6,5,2,2,7,4,5,3,1,2,2,5,4,7,5,1,4,6,4,7,6,4,9,6,9,5,3,9,8,9,6,9,7,5,7,7,8,7,2,1,4,3,4,3,5,0,6,6,5,7,4,8,9,6,9,8,9,7,10,5,6,7,8,2,3,3,1,5,6,3,3,1,2,1,1,1,1,1,0,0,1,0,0,0,15,18,29,21,21,14,23,30,32,39,34,14,20,33,39,36,14,15,6
303,福室１丁目,3,2,2,3,1,5,1,6,0,3,2,1,2,3,4,7,1,2,1,2,1,5,4,4,3,9,4,4,4,7,3,1,6,3,4,6,6,5,8,5,5,8,10,0,5,5,12,10,6,3,5,5,8,8,7,3,6,8,5,4,9,2,7,4,2,4,6,7,5,5,1,3,2,3,3,7,2,3,3,4,1,2,1,0,5,2,3,2,0,1,0,0,2,1,0,0,0,0,0,0,0,11,15,12,13,17,28,17,30,28,36,33,26,24,27,12,19,9,8,3
304,福室２丁目,6,8,3,4,10,5,4,6,8,4,7,9,5,1,9,7,13,8,7,6,14,3,13,10,12,11,13,15,19,14,8,21,12,12,9,14,12,9,11,8,10,14,17,8,9,30,16,31,17,18,19,25,14,20,10,19,15,14,16,13,13,19,19,16,17,13,17,13,23,17,16,16,20,10,5,14,8,5,6,6,7,6,4,6,5,4,5,4,4,2,1,4,0,2,2,0,1,0,1,0,0,31,27,31,41,52,72,62,54,58,112,88,77,84,83,67,39,28,19,11
305,福室３丁目,13,14,10,14,14,15,7,12,14,17,13,11,13,8,11,11,18,24,14,14,15,20,12,19,19,17,21,22,23,27,22,30,27,22,30,18,30,23,18,21,16,20,27,26,22,29,31,29,18,16,19,22,26,14,15,23,15,14,19,20,21,15,10,9,10,14,14,18,9,16,10,18,15,6,9,7,14,7,8,5,12,4,9,6,9,8,2,7,2,2,4,3,0,2,3,1,3,0,0,0,0,65,65,56,81,85,110,131,110,111,123,96,91,65,71,58,41,40,21,16
306,福室４丁目,5,6,11,4,8,6,4,13,3,5,4,6,4,7,5,8,2,6,4,8,5,4,4,6,6,3,3,15,6,7,14,5,12,2,9,5,10,13,10,14,7,9,5,7,9,9,11,9,10,4,9,6,7,7,7,5,11,9,3,4,9,3,1,6,10,6,9,7,11,8,7,11,10,8,7,4,8,5,6,5,5,6,7,4,8,4,3,3,6,3,3,2,0,1,2,1,0,1,0,1,1,34,31,26,28,25,34,42,52,37,43,36,32,29,41,43,28,30,19,12
307,福室５丁目,4,5,8,8,8,6,9,9,9,3,17,14,12,9,12,9,10,11,17,9,10,8,15,8,10,12,9,12,3,9,7,8,11,10,13,18,13,13,18,10,18,18,14,23,18,22,18,16,20,23,31,28,15,15,10,7,11,18,11,11,11,12,9,10,8,14,17,30,17,14,17,22,21,13,11,12,19,18,12,16,13,15,10,12,10,7,6,9,5,5,4,5,2,4,4,1,2,0,0,0,0,33,36,64,56,51,45,49,72,91,99,99,58,50,92,84,77,60,32,22
308,福室６丁目,6,7,7,8,15,13,14,11,13,12,10,9,11,12,10,12,25,21,11,13,7,12,22,12,15,18,12,13,13,4,11,11,8,12,9,12,9,13,7,18,13,21,17,22,20,19,20,8,31,18,23,18,20,13,11,13,13,14,18,10,8,13,9,10,15,9,15,15,14,15,26,15,16,17,7,12,16,14,16,21,10,13,9,9,8,12,6,8,5,8,2,1,3,1,1,0,1,0,1,0,1,43,63,52,82,68,60,51,59,93,96,85,68,55,68,81,79,49,39,11
309,福室７丁目,5,2,2,2,3,7,6,3,2,3,8,7,5,5,4,3,7,4,2,6,13,7,5,3,7,8,6,7,12,9,5,6,2,7,3,10,6,6,6,7,7,8,5,6,18,6,6,13,10,6,9,13,11,7,3,17,9,12,12,9,5,6,0,5,10,11,11,10,3,8,9,6,7,3,6,7,6,2,4,7,5,7,5,4,10,8,8,4,4,5,4,5,2,2,1,2,1,0,0,1,0,14,21,29,22,35,42,23,35,44,41,43,59,26,43,31,26,31,29,18
310,平成１丁目,4,6,5,3,4,3,1,5,5,8,3,0,2,2,7,6,4,3,9,4,12,8,15,9,10,12,8,18,13,7,15,15,11,4,12,9,4,11,12,6,12,13,7,8,15,11,18,10,14,15,12,13,12,15,12,8,10,6,5,8,9,10,4,9,7,14,6,8,10,7,2,10,17,3,7,5,7,3,7,11,12,9,8,3,7,7,5,3,2,4,2,0,2,1,3,0,0,0,0,0,0,22,22,14,26,54,58,57,42,55,68,64,37,39,45,39,33,39,21,8
311,平成２丁目,2,2,5,5,2,3,1,4,4,2,3,4,1,4,6,6,5,2,5,8,2,12,6,11,8,12,10,10,10,15,10,10,8,11,6,9,9,6,8,9,10,6,9,9,15,12,9,11,5,7,7,6,8,9,13,4,5,8,10,9,8,8,3,10,10,12,9,5,8,12,11,8,7,9,4,6,7,7,9,7,8,5,13,6,6,7,5,1,5,11,5,4,1,4,4,1,2,0,0,2,0,16,14,18,26,39,57,45,41,49,44,43,36,39,46,39,36,38,29,23
312,枡江,5,2,4,2,5,3,5,1,4,4,0,0,0,3,2,3,4,1,1,2,2,4,5,2,5,5,4,7,3,6,3,5,4,4,2,6,4,4,4,2,3,3,4,2,7,4,4,3,4,4,2,7,7,4,5,5,3,3,4,1,5,4,3,3,4,3,3,1,4,4,2,3,2,2,4,1,1,1,0,2,4,0,2,3,0,1,2,1,1,1,1,1,0,0,0,0,0,1,1,0,1,18,17,5,11,18,25,18,20,19,19,25,16,19,15,13,5,9,6,5
313,松岡町,0,2,0,0,0,0,0,0,1,1,0,0,0,1,3,2,0,0,0,0,5,3,1,0,1,0,2,1,0,2,0,2,3,2,1,2,2,2,2,0,0,1,2,2,1,3,0,2,1,6,1,2,2,0,2,0,1,0,0,1,0,1,1,2,2,2,2,0,3,3,1,4,3,1,1,1,1,0,1,0,1,1,2,2,0,1,0,3,0,0,1,1,0,0,1,1,0,0,0,1,0,2,2,4,2,10,5,8,8,6,12,7,2,6,10,10,3,6,4,5
314,南目館,7,4,9,6,4,6,3,9,4,3,4,5,2,4,5,7,6,2,4,18,10,13,11,9,13,9,6,3,8,8,4,8,5,5,8,3,8,7,7,9,4,5,9,7,7,10,6,13,4,5,2,9,5,3,4,4,1,2,0,0,0,0,0,1,0,0,0,0,0,1,0,0,0,0,0,0,0,0,2,0,0,0,0,0,0,0,0,0,0,0,0,0,0,0,0,0,0,0,0,0,0,30,25,20,37,56,34,30,34,32,38,23,7,1,1,0,2,0,0,0
315,宮城野１丁目,1,3,4,8,2,2,5,7,4,3,4,10,4,6,3,5,2,1,9,12,10,14,13,10,23,15,9,13,21,16,15,12,12,15,9,9,9,21,14,14,15,11,11,10,15,12,14,8,16,10,5,13,11,10,7,6,11,12,11,7,7,9,6,9,11,10,13,7,16,10,6,14,8,6,6,6,7,8,11,5,6,3,4,3,7,8,6,4,4,7,3,3,5,0,3,2,0,3,1,1,0,18,21,27,29,70,74,63,67,62,60,46,47,42,56,40,37,23,29,21
316,宮城野２丁目,7,5,7,7,3,8,5,3,11,9,7,4,8,8,6,5,10,5,7,21,28,9,7,14,9,15,19,9,15,12,13,15,17,12,11,11,16,11,11,15,9,11,14,11,8,16,10,9,10,12,6,15,12,4,8,14,14,12,20,11,8,10,7,8,4,7,10,5,5,6,6,8,8,6,5,4,5,10,7,5,5,5,6,5,1,1,6,1,4,2,2,2,1,2,4,0,0,0,2,0,0,29,36,33,48,67,70,68,64,53,57,45,71,37,33,33,31,22,14,13
317,宮城野３丁目,10,8,5,7,5,7,9,8,5,7,4,8,7,3,2,3,7,0,6,6,6,4,0,7,7,12,11,7,9,11,11,10,15,4,12,8,10,10,13,11,9,17,10,10,10,12,10,10,10,9,10,8,5,7,6,5,8,7,10,9,5,10,5,12,12,9,8,8,5,5,8,4,8,3,2,2,2,3,4,0,2,1,2,3,3,3,1,1,1,0,0,0,1,1,0,0,0,0,0,0,0,35,36,24,22,24,50,52,52,56,51,36,39,44,35,25,11,11,6,2
318,宮千代１丁目,15,11,3,6,7,6,11,7,8,5,4,9,6,7,4,4,8,10,9,11,16,10,13,21,18,17,11,22,17,11,6,12,17,15,8,10,13,12,12,8,7,15,17,10,16,11,19,5,15,10,7,8,10,10,12,10,11,9,4,2,12,9,9,10,11,7,6,16,13,13,8,12,8,6,6,4,6,5,8,3,6,4,4,6,2,4,6,4,3,9,5,4,0,1,0,2,0,0,1,0,0,42,37,30,42,78,78,58,55,65,60,47,36,51,55,40,26,22,26,13
319,宮千代２丁目,4,2,10,6,5,1,4,3,3,6,6,3,6,3,4,4,6,5,4,4,3,5,9,6,11,7,11,7,6,9,13,9,10,12,11,5,9,11,12,9,9,13,11,11,11,11,10,9,16,7,11,7,6,5,8,11,6,7,7,9,7,6,5,11,6,8,5,4,10,4,5,5,6,3,3,6,10,12,6,5,4,1,1,1,4,3,2,4,1,0,2,1,0,1,0,0,1,0,0,0,0,27,17,22,23,34,40,55,46,55,53,37,40,35,31,22,39,11,10,5
320,宮千代３丁目,5,9,11,6,3,5,4,3,4,5,5,1,6,2,1,6,5,4,2,6,3,5,6,6,10,2,10,9,23,6,8,15,8,9,8,8,9,6,7,7,3,5,10,6,12,6,9,16,14,10,6,6,7,3,9,8,5,10,7,4,6,4,2,3,3,5,3,4,8,4,9,3,6,2,5,4,3,5,2,3,5,2,1,2,2,2,0,3,2,2,0,1,1,0,0,0,0,0,0,0,0,34,21,15,23,30,50,48,37,36,55,31,34,18,24,25,17,12,9,2
321,元寺小路,1,0,0,0,1,0,0,0,0,0,0,0,0,0,0,1,0,1,0,0,4,0,2,2,2,3,3,3,6,2,1,3,2,4,3,2,1,1,4,4,3,4,2,2,2,2,3,0,0,1,1,5,1,0,1,0,0,0,1,2,0,0,0,1,0,0,0,0,0,0,0,0,0,0,0,0,0,0,0,0,1,1,1,1,0,1,1,0,0,0,0,0,0,0,0,0,0,0,0,0,0,2,0,0,2,10,17,13,12,13,6,8,3,1,0,0,0,4,2,0
